Unique_ID,holeid,from,to,As,Au,Pb,Fe,Mo,Cu,S,Zn,predicted_class,model_score_A,score_strength,near_decision_boundary
A04920,SOLVE225W1,581,591.0,3.25,0.0625,484.0,60125.0,36.5,2.5,450.0,31.25,A,0.833928124862316,0.833928124862316,False
A05729,SOLVE225W1,591,601.0,3.0,0.04,661.0,50780.0,55.8,3.2,1120.0,38.2,A,0.8722794469757551,0.8722794469757551,False
A05270,SOLVE225W1,601,611.0,3.2,0.052,844.2,51260.0,47.6,3.4,1300.0,34.2,A,0.8913301786749563,0.8913301786749563,False
A05634,SOLVE225W1,611,621.0,4.2,0.042,414.8,42840.0,22.2,3.2,1020.0,45.0,A,0.7760598812355012,0.7760598812355012,False
A04689,SOLVE225W1,621,631.0,7.4,0.072,868.2,71620.0,157.0,4.2,10800.0,40.4,A,0.8526956632423736,0.8526956632423736,False
A03476,SOLVE225W1,631,641.0,3.0,0.142,1794.6,62260.0,146.2,2.6,1660.0,34.8,A,0.9150126243526623,0.9150126243526623,False
A04208,SOLVE225W1,641,651.0,3.4,0.094,1138.4,58880.0,51.0,2.2,760.0,36.4,A,0.9077401229368409,0.9077401229368409,False
A04832,SOLVE225W1,651,661.0,3.8,0.066,1270.0,53940.0,54.0,4.8,4300.0,45.4,A,0.8941445689444671,0.8941445689444671,False
A04778,SOLVE225W1,661,671.0,15.0,0.068,476.2,61200.0,12.0,10.4,2980.0,89.2,A,0.7247024770913134,0.7247024770913134,False
A03756,SOLVE225W1,671,681.0,19.4,0.12,912.0,75180.0,14.4,26.4,3880.0,125.2,A,0.7323518510515609,0.7323518510515609,False
A05082,SOLVE225W1,681,691.0,3.2,0.058,589.6,68540.0,16.6,15.0,440.0,58.4,A,0.7640294887658591,0.7640294887658591,False
A03474,SOLVE225W1,691,701.0,25.0,0.142,1642.6,64100.0,37.2,10.6,12720.0,273.8,A,0.7441278485877836,0.7441278485877836,False
A03912,SOLVE225W1,701,711.0,31.8,0.11,739.6,63500.0,33.0,14.4,14440.0,246.4,A,0.6719187704655152,0.6719187704655152,False
A04321,SOLVE225W1,711,721.0,5.6,0.088,1440.4,66120.0,39.2,5.0,1720.0,166.4,A,0.8676625572759971,0.8676625572759971,False
A04024,SOLVE225W1,721,731.0,8.6,0.104,1336.6,55200.0,37.8,7.6,2240.0,203.2,A,0.8738749396210592,0.8738749396210592,False
A03200,SOLVE225W1,731,741.0,9.2,0.166,1759.6,46960.0,58.6,7.6,4080.0,203.8,A,0.8792623671434011,0.8792623671434011,False
A03179,SOLVE225W1,741,751.0,7.6,0.168,1235.2,44040.0,6.6,2.2,920.0,35.0,A,0.8490878602761883,0.8490878602761883,False
A01402,SOLVE225W1,751,761.0,7.4,0.45,1590.4,40900.0,28.0,3.2,1280.0,27.0,A,0.8934226542781916,0.8934226542781916,False
A03331,SOLVE225W1,761,771.0,6.6,0.154,1312.2,38940.0,5.6,3.8,920.0,30.2,A,0.8215331980885465,0.8215331980885465,False
A05063,SOLVE225W1,1531,1541.0,23.0,0.058,106.0,25780.0,2.6,3.6,5740.0,22.4,B,0.3368471041155181,0.6631528958844819,False
A04875,SOLVE225W1,1541,1551.0,16.6,0.064,82.8,25060.0,2.0,3.0,2420.0,14.8,B,0.37172142430472044,0.6282785756952796,False
A04625,SOLVE225W1,1551,1561.0,19.8,0.074,151.2,29380.0,1.6,5.0,9600.0,18.6,B,0.3757914467582431,0.624208553241757,False
A03618,SOLVE225W1,1701,1711.0,3.8,0.132,1666.0,41620.0,55.4,4.6,9860.0,30.2,A,0.8866843671468276,0.8866843671468276,False
A06124,SOLVE225W1,1711,1721.0,6.2,0.032,282.0,46640.0,6.8,6.8,27400.0,55.0,A,0.6473814598792341,0.6473814598792341,False
A06367,SOLVE225W1,1721,1731.0,6.2,0.027,201.4,47220.0,7.4,5.4,17200.0,49.6,A,0.5838845131022886,0.5838845131022886,True
A06597,SOLVE225W1,1731,1737.0,4.666666667,0.023333333,285.3333333,46100.0,8.0,4.666666667,24333.33333,35.0,A,0.6763422115783255,0.6763422115783255,False
A03616,SOLVE225W2,691,701.0,9.2,0.132,1831.0,63620.0,60.2,7.4,4360.0,148.8,A,0.8877423125269702,0.8877423125269702,False
A05134,SOLVE225W2,701,711.0,10.8,0.056,838.6,63300.0,18.8,6.0,4120.0,223.6,A,0.8059866859933469,0.8059866859933469,False
A03334,SOLVE225W2,711,721.0,5.8,0.154,1639.8,65820.0,30.4,4.6,1360.0,61.8,A,0.8792532271657756,0.8792532271657756,False
A05012,SOLVE225W2,721,731.0,7.6,0.06,708.4,57320.0,2.8,7.6,1020.0,171.0,A,0.6519843127917243,0.6519843127917243,False
A02838,SOLVE225W2,731,741.0,13.6,0.204,2052.2,45140.0,14.4,13.4,4640.0,44.6,A,0.8300222744236267,0.8300222744236267,False
A02643,SOLVE225W2,741,751.0,17.0,0.228,1486.0,,12.6,6.4,2480.0,35.6,A,0.7686488153079587,0.7686488153079587,False
A03386,SOLVE225W2,751,761.0,7.6,0.15,1244.8,46580.0,20.2,5.4,1020.0,29.0,A,0.8734887566324632,0.8734887566324632,False
A03332,SOLVE225W2,761,771.0,6.6,0.154,1247.2,39020.0,31.4,4.8,1240.0,37.0,A,0.8819971028541203,0.8819971028541203,False
A02605,SOLVE225W2,771,781.0,6.2,0.234,1290.4,45440.0,3.4,5.4,920.0,36.0,A,0.8237891058189288,0.8237891058189288,False
A04097,SOLVE225W2,1621,1631.0,4.8,0.1,1117.4,45400.0,3.6,5.0,3900.0,39.4,A,0.7617234985076753,0.7617234985076753,False
A02416,SOLVE225W2,1631,1641.0,2.4,0.258,449.8,28760.0,1.0,3.4,1620.0,18.6,A,0.7414841976693726,0.7414841976693726,False
A04819,SOLVE225W2,1641,1651.0,3.0,0.066,112.2,26400.0,1.0,4.6,2620.0,17.6,B,0.4374133807662014,0.5625866192337986,True
A06301,SOLVE225W2,1651,1661.0,3.4,0.028,89.8,31000.0,1.2,3.6,520.0,18.0,B,0.4043405641885507,0.5956594358114493,True
A05328,SOLVE225W2,1661,1671.0,4.6,0.05,158.0,28960.0,1.0,3.8,780.0,17.0,B,0.42206614288186406,0.5779338571181359,True
A05331,SOLVE225W2,1671,1681.0,2.4,0.05,310.0,30460.0,1.0,3.4,940.0,15.4,A,0.5552949479942699,0.5552949479942699,True
A05470,SOLVE225W2,1681,1691.0,2.2,0.046,339.6,30040.0,1.0,3.6,540.0,14.2,A,0.5462596385068644,0.5462596385068644,True
A03982,SOLVE225W2,1691,1701.0,3.4,0.106,811.4,27760.0,1.0,4.0,1540.0,16.4,A,0.7265225731390558,0.7265225731390558,False
A03313,SOLVE225W2,1701,1711.0,3.4,0.156,,29780.0,1.0,4.4,1760.0,15.8,A,0.5494092051744639,0.5494092051744639,True
A08090,SOLVE226,191,201.0,42.0,0.007,81.2,51400.0,1.0,7.8,2580.0,94.4,B,0.15553092466858684,0.8444690753314131,False
A08771,SOLVE226,201,211.0,22.6,<0.005,11.6,42840.0,1.0,19.4,2680.0,102.6,B,0.1646719347646169,0.8353280652353832,False
A08770,SOLVE226,211,221.0,24.4,<0.005,132.2,53340.0,1.0,4.8,1940.0,67.0,B,0.18978151235630814,0.8102184876436919,False
A07687,SOLVE226,221,231.0,29.8,0.01,68.8,48440.0,1.0,6.6,1920.0,83.0,B,0.16743482773361476,0.8325651722663853,False
A08769,SOLVE226,231,241.0,50.0,<0.005,28.8,50080.0,1.0,6.2,7020.0,81.2,B,0.15154815228576385,0.8484518477142362,False
A08330,SOLVE226,241,251.0,23.2,0.006,125.8,52920.0,1.0,10.4,1660.0,102.4,B,0.1765124867227048,0.8234875132772952,False
A08327,SOLVE226,251,261.0,29.6,0.006,81.0,45940.0,1.0,5.0,6440.0,87.6,B,0.16429261697203604,0.835707383027964,False
A08766,SOLVE226,261,271.0,51.6,<0.005,227.4,43000.0,1.0,5.2,5120.0,142.8,B,0.163238036743254,0.836761963256746,False
A07489,SOLVE226,271,281.0,58.4,0.012,174.4,43100.0,,11.2,6600.0,231.2,B,0.2785128047480993,0.7214871952519006,False
A07143,SOLVE226,281,291.0,39.0,0.016,34.2,37280.0,73.6,4.0,5980.0,61.8,B,0.4034961996196269,0.5965038003803731,True
A08324,SOLVE226,291,301.0,35.2,0.006,16.2,29280.0,2.6,3.8,3460.0,28.6,B,0.1807946937795958,0.8192053062204042,False
A07934,SOLVE226,301,311.0,32.8,0.008,29.4,33060.0,9.4,5.0,5880.0,26.8,B,0.245996270675387,0.754003729324613,False
A08320,SOLVE226,311,321.0,31.2,0.006,29.8,34600.0,9.4,2.6,6000.0,32.2,B,0.24003163765071117,0.7599683623492888,False
A02287,SOLVE226,321,331.0,178.2,0.275,4008.8,243740.0,5.2,1.6,73700.0,46.8,B,0.1376080572816487,0.8623919427183513,False
A02368,SOLVE226,331,341.0,58.2,0.266,4472.0,373000.0,1.0,1.2,48660.0,88.6,B,0.1587215833335346,0.8412784166664654,False
A04065,SOLVE226,341,351.0,294.6,0.102,947.6,285200.0,13.6,2.2,63140.0,105.8,B,0.12707736811355524,0.8729226318864447,False
A03707,SOLVE226,351,361.0,392.8,0.123,379.2,111180.0,6.8,4.0,63640.0,35.8,B,0.1860552597113469,0.813944740288653,False
A01878,SOLVE226,361,371.0,300.2,0.342,2730.0,208620.0,25.8,3.0,89760.0,48.8,B,0.11719950991686796,0.882800490083132,False
A04796,SOLVE226,371,381.0,159.8,0.068,338.2,78480.0,8.0,2.4,50700.0,49.8,B,0.3324092994464185,0.6675907005535815,False
A07305,SOLVE226,381,391.0,41.6,0.014,37.8,40600.0,1.4,4.4,8100.0,74.6,B,0.16869141345715458,0.8313085865428455,False
A07804,SOLVE226,391,401.0,33.6,0.009,24.2,42240.0,1.0,5.2,9960.0,62.0,B,0.16832525627029693,0.8316747437297031,False
A05159,SOLVE227,281,291.0,30.0,0.056,147.4,23580.0,1.2,8.2,13400.0,25.0,B,0.29265203082138164,0.7073479691786184,False
A06044,SOLVE227,291,301.0,37.0,0.034,77.2,31820.0,1.4,5.8,12400.0,62.0,B,0.22807433593661444,0.7719256640633856,False
A05751,SOLVE227,301,311.0,14.8,0.04,22.8,36120.0,1.0,3.8,1680.0,59.2,B,0.3010388075895976,0.6989611924104024,False
A06469,SOLVE227,311,321.0,39.6,0.026,95.3,34700.0,1.0,3.0,2260.0,44.0,B,0.20017665977281593,0.799823340227184,False
A06256,SOLVE227,321,331.0,70.6,0.03,27.5,40920.0,1.2,3.6,7920.0,37.6,B,0.1823067673503002,0.8176932326496998,False
A05766,SOLVE227,331,341.0,24.0,0.039,12.1,28740.0,1.0,3.0,1960.0,31.8,B,0.23610828431285838,0.7638917156871416,False
A08273,SOLVE227,341,351.0,8.8,0.006,1.6,23420.0,1.2,2.4,1860.0,21.6,B,0.2236915659120038,0.7763084340879962,False
A06155,SOLVE227,351,361.0,7.2,0.032,29.4,41520.0,1.6,2.4,2460.0,41.6,B,0.3648168846303133,0.6351831153696867,False
A04341,SOLVE227,361,371.0,78.6,0.087,2813.2,54600.0,1.0,4.0,17380.0,45.0,B,0.3781379959018424,0.6218620040981576,False
A03246,SOLVE227,371,381.0,97.6,0.162,9572.4,112020.0,1.0,2.8,62660.0,45.4,B,0.27462759445626206,0.7253724055437379,False
A00968,SOLVE227,381,391.0,96.2,0.584,9094.6,101060.0,1.0,3.2,28280.0,44.8,B,0.26582102754072057,0.7341789724592794,False
A06634,SOLVE227,391,401.0,45.0,0.023,40.4,57600.0,1.0,2.0,8180.0,39.8,B,0.21853122548135706,0.7814687745186429,False
A06840,SOLVE227,401,411.0,13.0,0.02,25.8,46860.0,1.0,2.6,1680.0,63.8,B,0.2642227311797813,0.7357772688202187,False
A08675,SOLVE227,411,421.0,11.8,<0.005,173.8,37300.0,1.0,3.4,1800.0,45.8,B,0.2882503029026797,0.7117496970973203,False
A07659,SOLVE227,421,431.0,14.0,0.01,210.6,36780.0,1.0,3.0,2240.0,48.0,B,0.27965538088775205,0.720344619112248,False
A04414,SOLVE228,231,241.0,197.8,0.084,280.6,91340.0,3.6,3.4,58960.0,41.0,B,0.2677465351728304,0.7322534648271696,False
A06714,SOLVE228,241,251.0,47.0,0.022,213.4,40100.0,1.0,2.2,8600.0,62.8,B,0.1835351063495367,0.8164648936504633,False
A06837,SOLVE228,251,261.0,29.2,0.02,63.8,34040.0,1.0,17.2,7520.0,92.0,B,0.2047315913725573,0.7952684086274426,False
A05157,SOLVE228,261,271.0,36.0,0.056,203.4,33660.0,1.4,3.2,12800.0,58.6,B,0.2502529159145773,0.7497470840854227,False
A05436,SOLVE228,271,281.0,48.4,0.048,274.4,36120.0,1.0,5.2,19860.0,32.2,B,0.30644947078743845,0.6935505292125616,False
A07132,SOLVE228,281,291.0,42.0,0.016,110.8,41560.0,1.0,3.4,22220.0,38.6,B,0.242296287224552,0.757703712775448,False
A07053,SOLVE229,141,151.0,25.0,0.01625,122.5,37300.0,5.0,19.25,4125.0,83.5,B,0.3068587891546358,0.6931412108453642,False
A07218,SOLVE229,151,161.0,22.6,0.015,56.4,29000.0,2.4,6.2,5560.0,56.4,B,0.24921948647859263,0.7507805135214074,False
A07313,SOLVE229,161,171.0,71.0,0.014,90.4,54360.0,1.0,8.0,2240.0,117.8,B,0.15582874627113263,0.8441712537288674,False
A05656,SOLVE229,171,181.0,11.0,0.042,115.0,61020.0,1.0,7.2,160.0,157.8,B,0.3392708188958353,0.6607291811041647,False
A06638,SOLVE229,181,191.0,12.0,0.023,70.8,51660.0,1.2,4.4,320.0,103.6,B,0.2856436034584247,0.7143563965415753,False
A05160,SOLVE229,191,201.0,21.0,0.056,158.0,46580.0,2.0,25.4,900.0,132.8,B,0.3397896846316653,0.6602103153683347,False
A07947,SOLVE229,201,208.6,14.78947368,0.007631579,122.8947368,49042.10526,1.736842105,5.473684211,547.3684211,69.52631579,B,0.24322720845740262,0.7567727915425974,False
A06766,SOLVE230,121,131.0,64.0,0.021,17.6,46360.0,1.4,5.2,40580.0,49.0,B,0.4110799888802857,0.5889200111197144,True
A07209,SOLVE230,131,141.0,96.2,0.015,88.2,74760.0,33.0,5.0,65720.0,37.4,B,0.44829898418891256,0.5517010158110874,True
A07482,SOLVE230,141,151.0,34.4,0.012,273.2,28900.0,10.0,2.8,5860.0,30.6,B,0.3366329606175104,0.6633670393824895,False
A07048,SOLVE230,151,161.0,53.4,0.017,325.6,35280.0,66.4,4.4,13280.0,35.2,B,0.4124853860633435,0.5875146139366565,True
A06259,SOLVE230,161,171.0,130.4,0.03,2426.2,79820.0,41.2,4.4,51760.0,58.0,B,0.39448668465524084,0.6055133153447592,False
A05574,SOLVE230,171,181.0,422.2,0.044,2892.0,113240.0,44.6,18.6,78460.0,209.0,B,0.19049422571996188,0.8095057742800381,False
A05655,SOLVE230,181,191.0,386.4,0.042,803.4,74460.0,36.2,5.8,46260.0,55.8,B,0.26046412157990223,0.7395358784200978,False
A06980,SOLVE230,191,201.0,84.8,0.018,434.0,21780.0,2.4,5.2,7160.0,31.2,B,0.2395400316146656,0.7604599683853344,False
A06045,SOLVE230,201,211.0,53.0,0.034,441.8,22560.0,1.2,3.0,5380.0,28.0,B,0.28028206444879655,0.7197179355512034,False
A07797,SOLVE230,211,221.0,29.6,0.009,24.4,24220.0,1.0,9.0,3080.0,59.6,B,0.1833365409697696,0.8166634590302304,False
A07948,SOLVE230,221,231.0,21.30769231,0.007564103,27.82051282,23897.4359,1.0,12.97435897,4389.74359,58.51282051,B,0.2060750724435627,0.7939249275564373,False
A05577,SOLVE231,71,81.0,48.2,0.044,134.8,84340.0,1.0,34.8,70.0,51.6,B,0.28237809665314684,0.7176219033468532,False
A05768,SOLVE231,81,91.0,147.2,0.039,731.4,173900.0,4.0,6.6,60.0,72.2,B,0.18558153023837362,0.8144184697616264,False
A08102,SOLVE231,91,101.0,87.8,0.007,607.2,138300.0,2.2,4.8,50.0,81.8,B,0.21202398480550375,0.7879760151944962,False
A05678,SOLVE231,101,111.0,98.6,0.041,905.4,93520.0,2.0,33.4,60.0,339.0,B,0.31473201666352696,0.685267983336473,False
A05846,SOLVE231,111,121.0,77.8,0.038,1119.6,75200.0,1.0,28.4,70.0,533.8,B,0.38085264243460215,0.6191473575653978,False
A02913,SOLVE231,121,131.0,667.6,0.195,543.0,154700.0,1.2,62.2,33920.0,597.4,B,0.17919588227837127,0.8208041177216288,False
A04522,SOLVE231,131,141.0,172.0,0.08,408.6,91640.0,1.2,51.2,11040.0,315.2,B,0.2290090138811615,0.7709909861188385,False
A07943,SOLVE231,141,151.0,34.2,0.008,261.8,56040.0,1.2,6.4,280.0,136.4,B,0.21102816560311577,0.7889718343968842,False
A07814,SOLVE231,151,161.0,31.2,0.009,192.8,53600.0,1.0,2.8,220.0,134.2,B,0.19021688878575604,0.809783111214244,False
A08348,SOLVE231,161,171.0,34.4,0.006,135.4,58180.0,1.0,8.4,1120.0,149.6,B,0.1760129383393871,0.8239870616606129,False
A07312,SOLVE231,171,181.0,28.6,0.014,113.0,51180.0,1.0,4.0,380.0,113.6,B,0.1775025516522719,0.8224974483477281,False
A06850,SOLVE231,181,191.0,27.2,0.02,178.4,51340.0,1.0,6.2,590.0,80.4,B,0.2010346601990907,0.7989653398009093,False
A05845,SOLVE231,191,201.0,25.0,0.038,114.2,47700.0,1.0,3.2,120.0,93.2,B,0.22875027353020175,0.7712497264697983,False
A07939,SOLVE231,201,211.0,23.4,0.008,212.6,52800.0,1.2,3.8,160.0,114.4,B,0.2060388074007819,0.793961192599218,False
A07565,SOLVE232,121,131.0,22.0,0.011,260.6,,3.4,5.6,6880.0,76.0,A,0.501609964922836,0.501609964922836,True
A07488,SOLVE232,131,141.0,48.6,0.012,198.4,,1.0,2.0,12020.0,83.4,B,0.41176539977352566,0.5882346002264743,True
A07142,SOLVE232,141,151.0,24.6,0.016,212.0,51280.0,1.2,3.2,7740.0,80.8,B,0.2414885077712568,0.7585114922287433,False
A06175,SOLVE232,151,161.0,66.2,0.031,208.8,42340.0,1.2,4.4,15300.0,55.4,B,0.21834890830841064,0.7816510916915893,False
A05366,SOLVE232,161,171.0,72.6,0.05,262.8,53420.0,1.0,209.8,17980.0,251.2,B,0.31910085681555317,0.6808991431844469,False
A04219,SOLVE232,171,181.0,46.2,0.094,3901.2,58480.0,2.2,4.0,23560.0,63.0,B,0.44819619851228326,0.5518038014877167,True
A04147,SOLVE232,181,191.0,79.4,0.098,5120.0,78260.0,35.4,4.0,48780.0,62.2,B,0.4542446921724058,0.5457553078275942,True
A00452,SOLVE232,191,201.0,119.8,0.88,16376.0,134400.0,40.8,4.8,119380.0,66.4,B,0.15994688521158193,0.840053114788418,False
A00424,SOLVE232,201,211.0,107.8,0.902,19000.0,109420.0,128.2,24.6,91000.0,100.2,B,0.2762638083516698,0.7237361916483303,False
A00808,SOLVE232,211,221.0,222.4,0.644,12850.0,124280.0,222.6,121.6,108660.0,583.2,B,0.28810110217467166,0.7118988978253283,False
A04337,SOLVE232,221,231.0,147.8,0.088,5680.4,84460.0,46.8,4.8,62800.0,75.8,B,0.3387570656310434,0.6612429343689565,False
A06046,SOLVE232,231,241.0,130.8,0.034,1171.4,54600.0,1.6,18.4,29220.0,67.4,B,0.3211549267105904,0.6788450732894096,False
A07931,SOLVE232,241,251.0,63.6,0.008,121.0,49020.0,1.2,7.4,18620.0,103.6,B,0.18022647113223875,0.8197735288677612,False
A08739,SOLVE232,251,259.6,16.04651163,<0.005,101.3023256,46783.72093,1.0,2.302325581,1020.930233,96.53488372,B,0.1902288063081311,0.8097711936918689,False
A08054,SOLVE233,111,121.0,51.6,0.007,18.0,53740.0,5.6,4.0,39300.0,51.6,B,0.4220571662649968,0.5779428337350032,True
A05229,SOLVE233,121,131.0,71.2,0.053,19.4,46460.0,2.8,1.8,32640.0,48.0,B,0.3234245043029066,0.6765754956970934,False
A03918,SOLVE233,131,141.0,83.2,0.109,64.9,63220.0,1.2,2.2,35520.0,48.2,B,0.357316664986594,0.642683335013406,False
A05042,SOLVE233,141,151.0,183.2,0.06,845.0,90640.0,6.0,5.0,81240.0,32.8,B,0.2677117992608404,0.7322882007391596,False
A02790,SOLVE233,151,161.0,163.2,0.209,1315.6,60760.0,4.8,7.4,59880.0,43.6,B,0.4169591828167534,0.5830408171832466,True
A03561,SOLVE233,161,171.0,34.2,0.135,11.2,46820.0,,8.4,38820.0,31.0,A,0.5354778987238221,0.5354778987238221,True
A04064,SOLVE233,171,181.0,55.0,0.102,8.1,67460.0,2.4,5.0,49460.0,49.8,A,0.5111264074725239,0.5111264074725239,True
A04700,SOLVE233,181,191.0,51.6,0.072,3.6,54240.0,1.0,3.4,41500.0,37.4,B,0.4515111896844623,0.5484888103155376,True
A05573,SOLVE233,191,201.0,34.4,0.044,42.4,44220.0,1.0,3.8,31560.0,27.2,B,0.36250799709230525,0.6374920029076947,False
A06177,SOLVE233,201,208.8,30.43589744,0.030641026,6.846153846,37558.97436,1.0,2.512820513,22220.51282,31.71794872,B,0.22767812131385282,0.7723218786861472,False
A07368,SOLVE234,121,131.0,7.2,0.013,240.0,50940.0,1.0,12.4,5300.0,42.0,B,0.372435343135581,0.627564656864419,False
A08253,SOLVE234,131,141.0,7.6,0.006,110.6,51860.0,3.2,7.6,9000.0,50.4,B,0.36892733768808295,0.631072662311917,False
A07367,SOLVE234,141,151.0,14.0,0.013,96.4,46800.0,1.6,22.8,10600.0,79.4,B,0.28535214505932543,0.7146478549406745,False
A07905,SOLVE234,151,161.0,4.4,0.008,20.8,27840.0,1.0,12.2,7180.0,60.2,B,0.30718774106644775,0.6928122589335522,False
A07471,SOLVE234,161,171.0,16.0,0.012,104.0,56140.0,1.0,55.8,23260.0,415.4,B,0.38964585311195904,0.6103541468880409,False
A06627,SOLVE234,171,181.0,18.4,0.023,80.4,51980.0,1.2,7.0,5760.0,67.4,B,0.24865274866810264,0.7513472513318974,False
A08773,SOLVE236,121,131.0,15.75,<0.005,308.0,40400.0,44.75,3.5,650.0,27.0,A,0.6235895613551143,0.6235895613551143,False
A08091,SOLVE236,131,141.0,20.0,0.007,299.8,35620.0,47.4,3.0,1640.0,32.4,A,0.5463495726353267,0.5463495726353267,True
A03590,SOLVE236,141,151.0,37.4,0.133,414.6,58240.0,27.6,3.6,6280.0,38.6,A,0.5921549846240919,0.5921549846240919,True
A02827,SOLVE236,151,161.0,45.6,0.206,999.8,,68.6,3.8,17280.0,46.4,A,0.6665114717438092,0.6665114717438092,False
A01801,SOLVE236,161,171.0,171.2,0.356,946.8,244700.0,27.4,10.6,54580.0,100.8,B,0.17702156045917777,0.8229784395408222,False
A02081,SOLVE236,171,181.0,283.8,0.308,185.0,294400.0,59.6,10.2,75400.0,99.2,B,0.11804651866653595,0.8819534813334641,False
A02080,SOLVE236,181,191.0,185.8,0.308,3659.4,177940.0,11.4,6.8,55100.0,92.0,B,0.17129857302614837,0.8287014269738516,False
A04849,SOLVE236,191,201.0,43.0,0.066,550.4,79840.0,2.8,4.2,12400.0,103.8,B,0.409996358709226,0.590003641290774,True
A07684,SOLVE236,201,211.0,10.6,0.01,19.0,50240.0,1.0,2.8,900.0,116.6,B,0.24909413067863093,0.750905869321369,False
A08088,SOLVE236,211,221.0,11.0,0.007,17.2,48800.0,1.0,3.2,690.0,73.8,B,0.23712053759415186,0.7628794624058481,False
A08087,SOLVE236,221,231.0,14.0,0.007,30.0,52960.0,1.0,4.6,1030.0,123.4,B,0.2159947002714466,0.7840052997285534,False
A08321,SOLVE236,231,241.0,29.6,0.006,8.0,62260.0,1.0,7.4,10260.0,154.2,B,0.21716276243830246,0.7828372375616975,False
A08319,SOLVE236,241,251.0,19.0,0.006,120.4,61620.0,1.0,13.8,5760.0,173.8,B,0.23139695183865272,0.7686030481613473,False
A08317,SOLVE236,251,261.0,14.4,0.006,264.6,47020.0,1.0,11.8,4640.0,109.4,B,0.27059349196974564,0.7294065080302543,False
A08316,SOLVE236,261,271.0,19.4,0.006,76.8,46940.0,1.0,5.0,2720.0,101.8,B,0.1746459358445277,0.8253540641554723,False
A07211,SOLVE236,271,281.0,45.8,0.015,361.4,55540.0,1.4,14.4,8680.0,210.4,B,0.2558211799822914,0.7441788200177086,False
A05943,SOLVE236,281,291.0,149.6,0.036,68.8,66000.0,1.8,12.6,24880.0,166.2,B,0.20521835073014982,0.7947816492698502,False
A08755,SOLVE236,291,301.0,38.0,<0.005,165.6,49040.0,1.2,3.0,5460.0,74.6,B,0.18492612374517517,0.8150738762548249,False
A08310,SOLVE236,301,311.0,60.2,0.006,262.2,53960.0,2.0,4.0,10080.0,89.8,B,0.19470787315462573,0.8052921268453743,False
A06981,SOLVE236,311,321.0,83.8,0.018,422.6,43280.0,3.8,33.4,24820.0,84.0,B,0.3179448613024207,0.6820551386975793,False
A07486,SOLVE236,321,331.0,24.6,0.012,159.4,42680.0,1.4,2.2,3000.0,59.0,B,0.21104722310108026,0.7889527768989197,False
A08082,SOLVE236,331,341.0,15.4,0.007,121.2,39240.0,1.0,1.8,1500.0,53.8,B,0.23248634490119913,0.7675136550988009,False
A08081,SOLVE236,341,351.0,18.2,0.007,9.6,39740.0,1.0,1.0,3120.0,57.4,B,0.19367863386369477,0.8063213661363052,False
A08750,SOLVE236,351,361.0,9.2,<0.005,7.2,46300.0,1.2,1.8,1700.0,56.2,B,0.2589343081798365,0.7410656918201635,False
A07485,SOLVE236,361,371.0,7.8,0.012,1.6,,1.0,1.0,920.0,46.8,B,0.4748726511011998,0.5251273488988002,True
A08304,SOLVE236,371,381.0,6.8,0.006,29.8,40420.0,1.0,1.2,510.0,42.6,B,0.297549613487765,0.702450386512235,False
A08300,SOLVE236,381,391.0,10.2,0.006,94.6,46020.0,1.2,2.8,4780.0,58.6,B,0.29708557889111054,0.7029144211088895,False
A07377,SOLVE236,391,401.0,8.0,0.013,61.2,44000.0,1.0,2.0,1900.0,60.8,B,0.303809457488606,0.696190542511394,False
A07676,SOLVE236,401,411.0,9.8,0.01,3.6,45780.0,1.0,1.4,2360.0,60.4,B,0.2672847206505966,0.7327152793494034,False
A07674,SOLVE236,411,421.0,5.6,0.01,4.0,46700.0,1.0,1.2,870.0,54.4,B,0.31749094827204705,0.682509051727953,False
A08078,SOLVE236,421,431.0,7.8,0.007,6.6,59440.0,1.0,2.0,1700.0,70.4,B,0.26142996869124446,0.7385700313087555,False
A05503,SOLVE236,431,441.0,11.0,0.046,255.0,59060.0,1.0,2.0,2600.0,54.2,B,0.43761150640388174,0.5623884935961183,True
A07301,SOLVE236,441,451.0,20.8,0.014,758.2,49040.0,1.2,3.4,5380.0,52.4,B,0.44134118839231967,0.5586588116076803,True
A07795,SOLVE236,451,461.0,4.6,0.009,147.4,45720.0,1.0,1.6,680.0,38.8,B,0.36737361580700806,0.632626384192992,False
A07792,SOLVE236,461,471.0,9.0,0.009,93.4,53800.0,1.0,2.0,3560.0,57.6,B,0.3079457521231186,0.6920542478768814,False
A05677,SOLVE236,471,481.0,8.2,0.041,5.0,57180.0,1.0,1.6,2360.0,60.0,B,0.3604659498931281,0.6395340501068719,False
A07667,SOLVE236,481,491.0,6.0,0.01,67.0,57720.0,1.0,1.4,1160.0,58.8,B,0.3093227772106194,0.6906772227893806,False
A07790,SOLVE236,491,501.0,20.8,0.009,270.4,57680.0,1.0,1.4,4200.0,58.8,B,0.3117393863199404,0.6882606136800595,False
A07554,SOLVE236,501,511.0,14.6,0.011,83.0,48760.0,1.0,1.4,2840.0,55.2,B,0.2347203088322005,0.7652796911677995,False
A07787,SOLVE236,511,521.0,38.2,0.009,18.8,56720.0,1.0,1.6,6420.0,58.4,B,0.19394353396592154,0.8060564660340784,False
A08065,SOLVE236,521,531.0,68.4,0.007,108.6,62200.0,1.0,1.8,9640.0,57.0,B,0.20237854469659053,0.7976214553034094,False
A07786,SOLVE236,531,541.0,24.6,0.009,67.2,58640.0,1.0,2.2,3280.0,64.0,B,0.21402698286705998,0.78597301713294,False
A08271,SOLVE236,541,551.0,25.2,0.006,126.2,51800.0,1.0,2.6,3600.0,53.2,B,0.2036752351128156,0.7963247648871844,False
A08270,SOLVE236,551,561.0,16.8,0.006,68.8,62460.0,1.2,4.8,3040.0,70.6,B,0.23625422620240544,0.7637457737975946,False
A08267,SOLVE236,561,571.0,11.4,0.006,169.8,50600.0,1.0,1.6,1440.0,51.0,B,0.2995930212866624,0.7004069787133376,False
A08261,SOLVE236,571,581.0,6.8,0.006,129.2,40780.0,1.0,1.0,580.0,36.8,B,0.3022312035351852,0.6977687964648148,False
A06838,SOLVE236,581,591.0,14.8,0.02,214.8,45620.0,1.0,1.6,2260.0,46.0,B,0.30577872738263523,0.6942212726173648,False
A03658,SOLVE236,591,601.0,10.2,0.128,116.0,31020.0,1.2,1.0,540.0,30.8,A,0.5430247367996153,0.5430247367996153,True
A05590,SOLVE236,601,611.0,6.0,0.043,110.0,37060.0,1.0,1.6,500.0,32.2,B,0.43640642352438025,0.5635935764756197,True
A08658,SOLVE236,611,621.0,16.8,<0.005,69.0,44220.0,2.2,1.8,2300.0,36.2,B,0.27459172122095105,0.725408278779049,False
A08651,SOLVE236,621,631.0,26.2,<0.005,80.8,46800.0,1.4,3.6,4400.0,39.0,B,0.2113401774792877,0.7886598225207123,False
A08646,SOLVE236,631,641.0,20.2,<0.005,159.6,58460.0,1.6,3.0,4320.0,52.2,B,0.29772182477536746,0.7022781752246325,False
A07295,SOLVE236,641,651.0,48.4,0.014,325.8,72020.0,1.4,6.2,7420.0,76.0,B,0.2662321526917949,0.7337678473082051,False
A04978,SOLVE236,651,661.0,18.4,0.062,402.6,67020.0,1.2,3.4,2880.0,65.8,A,0.5014942554217028,0.5014942554217028,True
A08045,SOLVE236,661,671.0,29.4,0.007,279.2,65680.0,1.0,3.8,6000.0,62.4,B,0.27290222279581333,0.7270977772041867,False
A07366,SOLVE236,671,681.0,16.4,0.013,210.6,53860.0,1.2,3.2,2240.0,48.0,B,0.30167961947140165,0.6983203805285984,False
A07127,SOLVE236,681,691.0,10.0,0.016,193.8,48720.0,1.6,3.4,1000.0,38.8,B,0.3986498417612642,0.6013501582387357,False
A06348,SOLVE236,691,701.0,29.2,0.028,259.0,57660.0,1.8,4.0,6140.0,38.8,B,0.3176004551451808,0.6823995448548192,False
A06509,SOLVE236,701,711.0,27.4,0.025,172.4,55320.0,1.0,4.2,5540.0,39.0,B,0.26601362215711205,0.7339863778428879,False
A07202,SOLVE236,711,721.0,33.8,0.015,235.4,65420.0,1.0,5.8,8140.0,49.6,B,0.24878513444511277,0.7512148655548873,False
A08036,SOLVE236,721,731.0,18.2,0.007,176.8,49500.0,1.0,3.0,1940.0,35.8,B,0.27345901358238267,0.7265409864176173,False
A07201,SOLVE236,731,741.0,24.0,0.015,103.0,50380.0,1.2,2.4,5860.0,40.0,B,0.22705360114031492,0.7729463988596851,False
A08613,SOLVE236,741,751.0,14.4,<0.005,16.2,39480.0,2.6,1.8,1360.0,28.2,B,0.2738910728112422,0.7261089271887577,False
A08611,SOLVE236,751,761.0,13.6,<0.005,25.0,40120.0,1.6,1.2,2760.0,24.6,B,0.26343369590335725,0.7365663040966428,False
A08609,SOLVE236,761,771.0,19.6,<0.005,82.0,46780.0,1.0,1.8,1840.0,34.6,B,0.22693964443603315,0.7730603555639668,False
A08605,SOLVE236,771,781.0,10.0,<0.005,137.4,50520.0,1.0,1.6,1160.0,38.0,B,0.3037771781834343,0.6962228218165657,False
A08599,SOLVE236,781,791.0,8.2,<0.005,104.8,57980.0,1.0,2.2,1000.0,40.6,B,0.2982164334781739,0.7017835665218262,False
A07897,SOLVE236,791,801.0,26.4,0.008,297.8,55760.0,1.4,3.4,6100.0,42.8,B,0.3134858052664796,0.6865141947335204,False
A04856,SOLVE236,801,811.0,63.4,0.065,516.8,57260.0,1.2,9.2,15960.0,62.0,B,0.3251746003517423,0.6748253996482577,False
A07767,SOLVE236,811,821.0,17.4,0.009,104.6,50420.0,1.2,5.0,5020.0,41.4,B,0.23755546010628034,0.7624445398937196,False
A08582,SOLVE236,821,831.0,8.8,<0.005,117.6,55520.0,1.2,1.8,1560.0,43.6,B,0.32043655497822254,0.6795634450217775,False
A08216,SOLVE236,831,841.0,8.4,0.006,139.0,50480.0,1.0,1.2,1340.0,38.2,B,0.3165164602593365,0.6834835397406636,False
A07639,SOLVE236,841,851.0,8.8,0.01,41.2,55880.0,1.0,2.4,2420.0,47.0,B,0.30873211194359634,0.6912678880564036,False
A06703,SOLVE236,851,861.0,18.4,0.022,209.0,41700.0,1.0,3.4,2800.0,36.4,B,0.2813397838438188,0.7186602161561813,False
A05218,SOLVE236,861,871.0,14.8,0.054,292.2,43700.0,1.6,4.0,4020.0,38.4,B,0.46765504016745596,0.532344959832544,True
A05857,SOLVE236,871,881.0,17.0,0.037,273.4,51660.0,1.2,1.6,4580.0,41.2,B,0.3844862598135193,0.6155137401864808,False
A01719,SOLVE236,881,891.0,8.8,0.374,27.4,57780.0,1.0,2.2,3780.0,43.2,A,0.5535732997390759,0.5535732997390759,True
A04918,SOLVE236,891,901.0,8.4,0.063,91.8,48500.0,1.8,1.4,4000.0,33.2,B,0.4589399131091161,0.5410600868908839,True
A08011,SOLVE236,901,911.0,7.4,0.007,184.2,51780.0,1.8,1.2,2120.0,40.4,B,0.3958187654662669,0.6041812345337332,False
A07889,SOLVE236,911,921.0,6.0,0.008,97.8,45540.0,1.0,1.2,600.0,35.8,B,0.3154335303447934,0.6845664696552066,False
A06697,SOLVE236,921,931.0,12.4,0.022,125.0,44900.0,1.0,1.8,560.0,28.4,B,0.32559910423666505,0.674400895763335,False
A07196,SOLVE236,931,941.0,15.8,0.015,280.6,47860.0,3.0,3.2,3600.0,37.0,B,0.44796956361379253,0.5520304363862074,True
A06279,SOLVE236,941,951.0,8.0,0.029,213.2,44520.0,1.2,1.8,1220.0,29.6,B,0.4525068020794021,0.5474931979205979,True
A07752,SOLVE236,951,961.0,14.4,0.009,109.4,47300.0,1.0,1.6,8800.0,32.2,B,0.28203837598832504,0.717961624011675,False
A07450,SOLVE236,961,971.0,20.8,0.012,37.0,44640.0,1.2,3.4,9780.0,33.2,B,0.21580090075246028,0.7841990992475397,False
A05153,SOLVE236,971,981.0,39.6,0.056,39.2,51340.0,1.0,122.4,14520.0,235.4,B,0.30794419578750704,0.6920558042124929,False
A07879,SOLVE236,981,991.0,7.2,0.008,166.2,45720.0,1.0,5.2,4860.0,38.6,B,0.31579274241770083,0.6842072575822992,False
A04215,SOLVE236,991,1001.0,51.4,0.094,47.2,52300.0,1.4,175.8,12900.0,298.6,B,0.3401373788982555,0.6598626211017444,False
A06752,SOLVE236,1001,1011.0,16.2,0.021,57.4,44820.0,1.2,116.6,5880.0,104.8,B,0.2878356303758553,0.7121643696241446,False
A07877,SOLVE236,1011,1021.0,12.2,0.008,361.4,45960.0,3.8,3.4,5840.0,31.6,A,0.5100605563819738,0.5100605563819738,True
A07271,SOLVE236,1021,1031.0,9.4,0.014,100.4,57120.0,1.0,4.6,4900.0,40.2,B,0.34054377070458797,0.659456229295412,False
A07875,SOLVE236,1031,1041.0,5.6,0.008,138.2,58900.0,1.8,2.2,3520.0,32.2,B,0.4370379242030663,0.5629620757969337,True
A03045,SOLVE236,1041,1051.0,4.8,0.181,93.4,47000.0,2.2,2.4,1300.0,25.6,A,0.6002731021714667,0.6002731021714667,False
A06751,SOLVE236,1051,1061.0,5.8,0.021,102.2,45060.0,1.8,2.2,1660.0,18.8,B,0.458010927445396,0.5419890725546039,True
A08176,SOLVE236,1061,1071.0,5.0,0.006,52.4,48400.0,5.2,2.8,2660.0,22.4,B,0.47063477440586354,0.5293652255941365,True
A07270,SOLVE236,1071,1081.0,6.8,0.014,148.2,33840.0,2.4,1.6,2200.0,18.8,B,0.43134194195060477,0.5686580580493952,True
A06334,SOLVE236,1081,1091.0,8.0,0.028,293.0,40020.0,3.0,1.8,7540.0,19.4,A,0.5618549835785461,0.5618549835785461,True
A06236,SOLVE236,1091,1101.0,9.4,0.03,601.4,38580.0,6.0,2.0,7620.0,18.6,A,0.7148459906452423,0.7148459906452423,False
A06138,SOLVE236,1101,1111.0,7.4,0.032,595.2,50540.0,5.0,1.8,4060.0,22.4,A,0.757460961619786,0.757460961619786,False
A07189,SOLVE236,1111,1121.0,9.2,0.015,231.4,44180.0,1.8,1.4,6240.0,19.2,B,0.4871844048955416,0.5128155951044584,True
A07527,SOLVE236,1121,1131.0,15.6,0.011,278.2,,4.6,2.4,8860.0,23.4,A,0.6030410945316873,0.6030410945316873,False
A06499,SOLVE236,1131,1141.0,22.4,0.025,308.6,43360.0,1.2,4.6,9880.0,27.0,B,0.3161750569989556,0.6838249430010443,False
A06446,SOLVE236,1141,1151.0,12.0,0.026,185.0,42760.0,2.6,1.4,5660.0,22.0,B,0.46020903554811105,0.539790964451889,True
A06030,SOLVE236,1151,1161.0,8.4,0.034,390.4,50760.0,3.0,2.2,3640.0,22.2,A,0.6671770223777496,0.6671770223777496,False
A07026,SOLVE236,1161,1171.0,5.6,0.017,409.8,48400.0,2.4,2.0,3140.0,22.8,A,0.6112766360621104,0.6112766360621104,False
A05515,SOLVE236,1171,1181.0,5.8,0.045,140.8,46980.0,2.8,2.0,2260.0,31.4,B,0.49635626374226693,0.5036437362577331,True
A06955,SOLVE236,1181,1191.0,6.0,0.018,53.6,48360.0,2.6,2.2,3300.0,25.0,B,0.4641306892942178,0.5358693107057821,True
A04644,SOLVE236,1191,1201.0,5.4,0.074,1578.0,51300.0,23.8,2.0,4620.0,24.0,A,0.8726263823900492,0.8726263823900492,False
A07267,SOLVE236,1201,1211.0,5.0,0.014,286.2,55500.0,5.2,2.2,2940.0,22.0,A,0.6509191241417205,0.6509191241417205,False
A07443,SOLVE236,1211,1221.0,5.8,0.012,66.0,,1.0,1.6,5800.0,31.0,A,0.5432995906595238,0.5432995906595238,True
A07614,SOLVE236,1221,1231.0,3.8,0.01,38.0,66740.0,1.0,1.4,530.0,25.6,B,0.41098023537526346,0.5890197646247366,True
A06275,SOLVE236,1231,1241.0,6.6,0.029,316.2,57940.0,2.0,1.6,2720.0,25.8,A,0.5930831354248811,0.5930831354248811,True
A07522,SOLVE236,1241,1251.0,4.0,0.011,203.0,,3.2,1.0,1240.0,23.0,A,0.6793916126858461,0.6793916126858461,False
A05828,SOLVE236,1251,1261.0,3.6,0.038,644.8,47700.0,10.6,2.2,2840.0,20.6,A,0.79878345810781,0.79878345810781,False
A05092,SOLVE236,1261,1271.0,3.2,0.058,1160.6,51580.0,22.4,1.4,1580.0,25.4,A,0.8883141299543998,0.8883141299543998,False
A05032,SOLVE236,1271,1281.0,3.8,0.06,1613.8,49980.0,19.0,1.6,2960.0,23.8,A,0.8732685964777476,0.8732685964777476,False
A08154,SOLVE236,1281,1291.0,2.8,0.006,151.0,49620.0,10.4,1.4,420.0,16.6,A,0.5811511814943484,0.5811511814943484,True
A06742,SOLVE236,1291,1301.0,3.2,0.021,336.0,47260.0,4.6,1.2,760.0,15.2,A,0.6668937278217102,0.6668937278217102,False
A04963,SOLVE236,1301,1311.0,3.8,0.062,766.6,41620.0,14.6,1.6,2240.0,22.4,A,0.8375857531791506,0.8375857531791506,False
A07432,SOLVE236,1311,1321.0,3.4,0.012,186.2,52100.0,6.4,1.4,980.0,32.6,A,0.594788746027354,0.594788746027354,True
A08149,SOLVE236,1321,1331.0,4.6,0.006,8.6,53760.0,3.4,1.8,110.0,34.8,B,0.39814361080700356,0.6018563891929964,False
A07729,SOLVE236,1331,1341.0,4.8,0.009,109.2,49460.0,6.2,1.8,140.0,20.4,A,0.5433762699226768,0.5433762699226768,True
A06552,SOLVE236,1341,1351.0,4.2,0.024,163.4,55760.0,7.2,1.8,300.0,23.8,A,0.5927384566603489,0.5927384566603489,True
A05480,SOLVE236,1351,1361.0,4.6,0.046,227.4,56720.0,6.0,2.4,220.0,26.8,A,0.6472147424872646,0.6472147424872646,False
A07335,SOLVE236,1361,1371.0,4.4,0.013,187.0,58460.0,3.0,3.2,670.0,31.0,B,0.4982700735760584,0.5017299264239417,True
A04510,SOLVE236,1371,1381.0,5.2,0.08,1163.2,47100.0,28.6,2.8,2180.0,25.4,A,0.8923601920799837,0.8923601920799837,False
A06426,SOLVE236,1381,1391.0,3.8,0.026,502.8,47300.0,21.0,41.8,7380.0,136.8,A,0.7166364547792714,0.7166364547792714,False
A07167,SOLVE236,1391,1401.0,4.0,0.015,375.4,52500.0,10.0,3.8,2220.0,35.4,A,0.6741793704276813,0.6741793704276813,False
A05723,SOLVE236,1401,1411.0,4.0,0.04,728.0,63980.0,11.8,2.2,5220.0,30.0,A,0.8112303813754486,0.8112303813754486,False
A04834,SOLVE236,1411,1421.0,3.4,0.066,1159.8,56780.0,23.8,110.2,9160.0,79.6,A,0.8465504599516237,0.8465504599516237,False
A05405,SOLVE236,1421,1431.0,2.8,0.048,814.4,58240.0,14.0,2.6,3320.0,35.0,A,0.8358105147991881,0.8358105147991881,False
A05047,SOLVE236,1431,1441.0,2.0,0.059,888.2,55220.0,24.8,1.6,1180.0,33.0,A,0.8765654812455489,0.8765654812455489,False
A03555,SOLVE236,1441,1451.0,2.4,0.136,1290.2,52280.0,38.4,2.6,1520.0,28.6,A,0.9098636504012146,0.9098636504012146,False
A05084,SOLVE236,1451,1461.0,3.0,0.058,687.4,57380.0,25.8,1.8,840.0,34.6,A,0.8618874868280697,0.8618874868280697,False
A04282,SOLVE236,1461,1471.0,3.4,0.09,1145.6,58220.0,34.0,1.8,1360.0,32.6,A,0.9016181498332965,0.9016181498332965,False
A04325,SOLVE236,1471,1481.0,2.4,0.088,1003.2,57660.0,57.0,1.6,1400.0,40.8,A,0.9045186173252417,0.9045186173252417,False
A05022,SOLVE236,1481,1491.0,4.0,0.06,757.8,48240.0,34.6,1.2,960.0,29.6,A,0.8756886952815082,0.8756886952815082,False
A04505,SOLVE236,1491,1501.0,2.2,0.08,843.8,46680.0,33.0,1.2,1040.0,32.0,A,0.8896435479435708,0.8896435479435708,False
A05709,SOLVE236,1501,1511.0,5.2,0.04,531.6,49020.0,25.0,1.6,1100.0,31.4,A,0.793118338056988,0.793118338056988,False
A05254,SOLVE236,1511,1521.0,3.8,0.052,637.8,54100.0,17.0,1.4,1100.0,33.0,A,0.8353856258864799,0.8353856258864799,False
A05013,SOLVE236,1521,1531.0,4.4,0.06,989.0,51220.0,18.2,2.0,7280.0,28.6,A,0.8468810826559313,0.8468810826559313,False
A04101,SOLVE236,1531,1541.0,2.2,0.1,1458.0,45800.0,64.6,3.0,9960.0,26.4,A,0.8875626373272204,0.8875626373272204,False
A05395,SOLVE236,1541,1551.0,1.8,0.048,946.2,51480.0,11.4,4.2,12380.0,27.0,A,0.8064647649517207,0.8064647649517207,False
A03221,SOLVE236,1551,1561.0,3.8,0.164,1920.4,44160.0,39.6,2.6,4840.0,24.8,A,0.9063464562125713,0.9063464562125713,False
A03832,SOLVE236,1561,1571.0,4.0,0.114,1479.4,41420.0,34.4,3.6,10240.0,30.6,A,0.8750551457043945,0.8750551457043945,False
A03974,SOLVE236,1571,1581.0,2.0,0.106,1499.8,62420.0,35.6,3.4,16200.0,34.2,A,0.8649214547184934,0.8649214547184934,False
A05003,SOLVE236,1581,1591.0,2.0,0.06,1184.0,55560.0,23.0,4.0,21880.0,34.6,A,0.8549494833361014,0.8549494833361014,False
A06294,SOLVE236,1591,1601.0,3.0,0.028,905.0,47440.0,15.2,5.8,13880.0,38.6,A,0.7828957306516846,0.7828957306516846,False
A05246,SOLVE236,1601,1611.0,3.8,0.052,1031.0,43600.0,23.0,5.0,13420.0,54.8,A,0.8026405855890191,0.8026405855890191,False
A02700,SOLVE236,1871,1881.0,2.6,0.22,2156.0,45740.0,29.2,4.0,4480.0,26.6,A,0.900169851398264,0.900169851398264,False
A03577,SOLVE236,1881,1891.0,2.0,0.134,1075.0,43820.0,14.4,3.0,1300.0,25.4,A,0.8691655333636013,0.8691655333636013,False
A03526,SOLVE236,1891,1901.0,1.4,0.138,956.0,37980.0,12.8,4.0,1960.0,23.2,A,0.8087826926187486,0.8087826926187486,False
A03906,SOLVE236,1901,1911.0,1.4,0.11,889.2,39440.0,10.4,3.8,2140.0,24.4,A,0.803024570420111,0.803024570420111,False
A04578,SOLVE236,1911,1921.0,2.2,0.076,987.0,43120.0,9.8,3.6,3500.0,24.6,A,0.826023188326941,0.826023188326941,False
A04196,SOLVE236,1921,1931.0,2.0,0.094,740.6,39020.0,8.4,2.8,1140.0,23.8,A,0.8184396833102547,0.8184396833102547,False
A03383,SOLVE236,1931,1941.0,2.0,0.15,1425.4,34380.0,12.8,3.8,1960.0,23.4,A,0.8483202031273999,0.8483202031273999,False
A03610,SOLVE236,2131,2141.0,3.8,0.132,974.6,26460.0,22.8,2.4,4160.0,21.6,A,0.8359012237574784,0.8359012237574784,False
A03971,SOLVE236,2141,2151.0,3.6,0.106,688.2,20060.0,16.6,2.6,1780.0,16.4,A,0.7752772366921328,0.7752772366921328,False
A04019,SOLVE236,2151,2161.0,4.0,0.104,449.6,23120.0,16.4,3.6,2080.0,15.4,A,0.7025401869644119,0.7025401869644119,False
A03907,SOLVE236,2161,2171.0,5.8,0.11,406.6,23420.0,33.6,4.0,3500.0,15.0,A,0.7286125241652596,0.7286125241652596,False
A04402,SOLVE236,2171,2181.0,6.4,0.084,296.4,28340.0,32.4,4.2,3380.0,17.8,A,0.691253169668059,0.691253169668059,False
A04130,SOLVE236,2181,2191.0,6.2,0.098,340.0,27120.0,11.6,3.6,4720.0,16.4,A,0.6581271274922277,0.6581271274922277,False
A02701,SOLVE236,2191,2201.0,6.4,0.22,2940.0,41100.0,101.0,3.6,18340.0,33.8,A,0.8531993916767234,0.8531993916767234,False
A03108,SOLVE236,2201,2211.0,4.8,0.176,2325.0,28560.0,78.2,2.0,7080.0,20.8,A,0.8566437743002524,0.8566437743002524,False
A04797,SOLVE237,101,111.0,100.6,0.068,1881.2,106020.0,6.8,4.6,8020.0,57.6,B,0.33290521125295175,0.6670947887470482,False
A04462,SOLVE237,111,121.0,90.0,0.082,2325.6,96560.0,8.8,2.0,19580.0,52.4,B,0.3472736875454291,0.6527263124545709,False
A05576,SOLVE237,121,131.0,32.8,0.044,454.8,47460.0,16.6,1.8,5560.0,34.0,A,0.5027429588181661,0.5027429588181661,True
A04745,SOLVE237,131,141.0,55.0,0.07,1585.2,96260.0,22.4,1.8,13120.0,35.8,A,0.500139469995656,0.500139469995656,True
A01851,SOLVE237,141,151.0,54.8,0.346,7696.0,397000.0,55.2,1.0,45020.0,79.4,B,0.1639662948737652,0.8360337051262348,False
A05043,SOLVE237,151,161.0,45.2,0.06,655.8,263780.0,15.4,1.6,29620.0,60.6,B,0.2448114101773608,0.7551885898226391,False
A04744,SOLVE237,161,171.0,28.4,0.07,199.0,328400.0,8.4,1.4,27380.0,94.4,B,0.2137461627708098,0.7862538372291902,False
A03393,SOLVE237,171,181.0,34.0,0.15,829.8,269000.0,3.4,2.4,27220.0,76.2,B,0.21320776311859532,0.7867922368814046,False
A04701,SOLVE237,181,191.0,57.0,0.072,366.8,118180.0,2.2,3.4,19660.0,84.8,B,0.27134760900770805,0.728652390992292,False
A07213,SOLVE237,191,201.0,17.8,0.015,21.4,56620.0,1.4,2.6,2880.0,103.0,B,0.22327237670877997,0.77672762329122,False
A06387,SOLVE237,201,211.0,7.4,0.027,4.6,63900.0,1.0,2.4,480.0,123.0,B,0.29481935596428827,0.7051806440357118,False
A07937,SOLVE237,211,221.0,10.0,0.008,41.6,58700.0,1.0,2.8,1920.0,90.6,B,0.24819145506527945,0.7518085449347205,False
A07212,SOLVE237,221,231.0,8.8,0.015,134.6,36920.0,1.0,3.4,370.0,62.4,B,0.32134842882678827,0.6786515711732117,False
A07810,SOLVE237,231,241.0,30.4,0.009,166.8,41300.0,1.2,17.0,3780.0,126.4,B,0.18139570101754834,0.8186042989824517,False
A07307,SOLVE237,241,251.0,79.0,0.014,46.0,55400.0,2.0,7.4,9320.0,196.6,B,0.1764209702598361,0.823579029740164,False
A05504,SOLVE237,251,261.0,97.4,0.046,152.0,67080.0,1.4,9.6,12580.0,269.6,B,0.23512051171992143,0.7648794882800786,False
A07146,SOLVE237,261,271.0,19.8,0.016,132.2,55200.0,1.0,3.4,2240.0,109.2,B,0.2135885103442152,0.7864114896557848,False
A05945,SOLVE237,271,281.0,31.4,0.036,370.8,37740.0,1.4,4.0,3620.0,62.8,B,0.31814056732638446,0.6818594326736156,False
A07690,SOLVE237,281,291.0,13.4,0.01,199.2,37860.0,1.0,3.0,1080.0,50.2,B,0.29770470055101217,0.7022952994489878,False
A07689,SOLVE237,291,301.0,17.6,0.01,160.4,42540.0,1.0,6.6,2320.0,86.2,B,0.21602009561437913,0.7839799043856208,False
A07306,SOLVE237,301,311.0,37.2,0.014,25.2,41180.0,1.6,7.0,8420.0,81.4,B,0.175081833975338,0.8249181660246621,False
A07936,SOLVE237,311,321.0,17.0,0.008,211.2,39680.0,1.0,1.2,2860.0,63.0,B,0.23559271252685746,0.7644072874731426,False
A08093,SOLVE237,321,331.0,7.0,0.007,29.6,42740.0,1.0,1.0,140.0,48.6,B,0.29015365760134276,0.7098463423986572,False
A07382,SOLVE237,331,341.0,12.2,0.013,277.8,33820.0,1.0,3.0,1900.0,46.6,B,0.3524120310611888,0.6475879689388112,False
A08335,SOLVE237,341,351.0,9.2,0.006,134.4,43360.0,1.0,4.2,960.0,53.6,B,0.27542797549891973,0.7245720245010803,False
A07688,SOLVE237,351,361.0,8.2,0.01,12.2,41400.0,1.0,3.8,480.0,59.8,B,0.2694153188377371,0.7305846811622629,False
A08333,SOLVE237,361,371.0,8.4,0.006,52.4,45220.0,1.0,2.0,1040.0,51.4,B,0.26828536951482,0.73171463048518,False
A08332,SOLVE237,371,381.0,7.8,0.006,118.4,52980.0,1.0,2.6,520.0,59.0,B,0.27576958934085877,0.7242304106591413,False
A07935,SOLVE237,381,391.0,7.8,0.008,159.6,58220.0,1.0,1.6,520.0,66.8,B,0.28780367861231343,0.7121963213876865,False
A08329,SOLVE237,391,401.0,9.0,0.006,118.4,47580.0,1.0,1.6,1760.0,43.0,B,0.30078868151800475,0.6992113184819952,False
A08328,SOLVE237,401,411.0,20.0,0.006,282.4,61660.0,1.4,2.4,7920.0,88.8,B,0.34322916167158407,0.6567708383284159,False
A07949,SOLVE237,411,421.0,7.75,0.0075,229.25,52625.0,1.0,2.25,3075.0,74.5,B,0.328569641403679,0.671430358596321,False
A07685,SOLVE237,421,431.0,8.0,0.01,242.8,49420.0,1.0,1.6,2560.0,68.0,B,0.3604480409041083,0.6395519590958917,False
A07380,SOLVE237,431,441.0,7.8,0.013,590.2,47880.0,1.0,1.6,3160.0,70.0,A,0.5189558628672314,0.5189558628672314,True
A08325,SOLVE237,441,451.0,7.8,0.006,75.0,44420.0,1.0,1.2,2240.0,62.8,B,0.2698967911382677,0.7301032088617323,False
A07808,SOLVE237,451,461.0,13.6,0.009,100.2,44200.0,1.0,1.0,2020.0,58.2,B,0.2512228187850096,0.7487771812149904,False
A06982,SOLVE237,461,471.0,8.0,0.018,26.4,48620.0,1.0,1.2,1560.0,51.4,B,0.30760909856229557,0.6923909014377044,False
A08323,SOLVE237,471,481.0,7.8,0.006,6.4,48380.0,1.0,1.2,1640.0,50.4,B,0.2668621570262798,0.7331378429737202,False
A07564,SOLVE237,481,491.0,34.8,0.011,256.2,64380.0,1.0,7.0,7720.0,102.0,B,0.23142352252165185,0.7685764774783481,False
A07563,SOLVE237,491,501.0,14.8,0.011,47.8,62220.0,1.0,1.2,1880.0,67.8,B,0.25168547489826704,0.7483145251017329,False
A08085,SOLVE237,501,511.0,16.4,0.007,118.8,46840.0,1.0,2.4,1720.0,50.0,B,0.2208294686902923,0.7791705313097077,False
A07933,SOLVE237,511,521.0,28.8,0.008,198.6,38420.0,1.2,4.2,4480.0,42.4,B,0.1963569536230746,0.8036430463769254,False
A07807,SOLVE237,521,531.0,11.8,0.009,236.4,38880.0,1.6,4.0,3260.0,41.4,B,0.36617897053415943,0.6338210294658406,False
A08315,SOLVE237,531,541.0,6.4,0.006,127.4,44840.0,1.6,3.2,2660.0,37.4,B,0.3354870849989792,0.6645129150010207,False
A08760,SOLVE237,541,551.0,11.2,<0.005,80.2,32140.0,1.0,2.4,960.0,34.2,B,0.2693905553629803,0.7306094446370197,False
A08313,SOLVE237,551,561.0,20.4,0.006,403.6,37080.0,1.4,4.8,2220.0,46.6,B,0.3216981398550585,0.6783018601449415,False
A08757,SOLVE237,561,571.0,6.6,<0.005,79.6,34540.0,1.0,2.6,220.0,37.6,B,0.3077365151724021,0.6922634848275979,False
A08754,SOLVE237,571,581.0,10.4,<0.005,88.4,33520.0,1.0,2.6,260.0,32.4,B,0.2779000738978812,0.7220999261021188,False
A06718,SOLVE237,581,591.0,37.2,0.022,214.6,44160.0,1.0,2.4,4660.0,41.6,B,0.20638855709842166,0.7936114429015784,False
A06767,SOLVE237,591,601.0,32.6,0.021,156.0,46460.0,3.0,1.8,4860.0,37.2,B,0.2770609253705055,0.7229390746294946,False
A07210,SOLVE237,601,611.0,28.2,0.015,178.6,45580.0,1.8,2.2,4100.0,40.8,B,0.23034081534017256,0.7696591846598274,False
A05444,SOLVE237,611,621.0,9.6,0.047,150.0,42600.0,1.0,1.0,1060.0,34.0,B,0.3923548185584171,0.6076451814415829,False
A07803,SOLVE237,621,631.0,6.4,0.009,91.2,43960.0,1.0,1.4,380.0,37.8,B,0.3017096800897409,0.698290319910259,False
A07681,SOLVE237,631,641.0,5.0,0.01,20.4,53520.0,1.0,1.4,70.0,49.4,B,0.33870912032731354,0.6612908796726864,False
A06477,SOLVE237,641,651.0,4.4,0.026,5.4,52280.0,1.0,1.6,60.0,47.8,B,0.3724021349284473,0.6275978650715527,False
A07679,SOLVE237,651,661.0,4.4,0.01,165.6,49920.0,1.0,1.8,450.0,47.8,B,0.3831284634384929,0.6168715365615072,False
A07049,SOLVE237,661,671.0,4.8,0.017,59.6,48280.0,1.0,2.4,240.0,41.0,B,0.366609984407038,0.6333900155929619,False
A08744,SOLVE237,671,681.0,5.4,<0.005,175.2,46860.0,1.6,3.0,300.0,40.4,B,0.34534302656617627,0.6546569734338237,False
A08742,SOLVE237,681,691.0,4.6,<0.005,105.0,57260.0,1.0,2.8,540.0,52.2,B,0.28729144931747647,0.7127085506825235,False
A08740,SOLVE237,691,701.0,5.0,<0.005,111.6,47880.0,1.0,3.0,320.0,40.6,B,0.3094466530750193,0.6905533469249807,False
A08737,SOLVE237,701,711.0,7.6,<0.005,130.6,46300.0,1.4,3.2,2700.0,38.8,B,0.32804190770001945,0.6719580922999806,False
A07376,SOLVE237,711,721.0,16.2,0.013,350.6,57600.0,1.0,5.4,5940.0,49.0,B,0.402674253178767,0.597325746821233,True
A08733,SOLVE237,721,731.0,6.6,<0.005,84.4,47780.0,1.0,3.4,960.0,42.6,B,0.2708412238105153,0.7291587761894847,False
A07481,SOLVE237,731,741.0,15.2,0.012,131.6,,1.0,3.8,1300.0,35.4,B,0.4684882379978327,0.5315117620021673,True
A07480,SOLVE237,741,751.0,10.4,0.012,107.0,,1.0,2.2,740.0,37.2,B,0.48286840817525506,0.517131591824745,True
A07675,SOLVE237,751,761.0,14.0,0.01,52.8,49540.0,1.0,13.8,2040.0,56.4,B,0.2513780978157249,0.748621902184275,False
A08729,SOLVE237,761,771.0,5.6,<0.005,78.8,39940.0,1.0,2.2,400.0,30.8,B,0.3222708665287095,0.6777291334712905,False
A06595,SOLVE237,771,781.0,7.0,0.024,115.6,37880.0,1.0,1.8,400.0,29.8,B,0.37934806317934344,0.6206519368206566,False
A08293,SOLVE237,781,791.0,8.8,0.006,252.0,40320.0,1.0,1.8,880.0,27.2,B,0.3689765712764591,0.6310234287235409,False
A08292,SOLVE237,791,801.0,14.6,0.006,373.8,43700.0,1.0,1.4,2540.0,34.2,B,0.40498935982613354,0.5950106401738664,True
A08079,SOLVE237,801,811.0,14.2,0.007,226.4,47480.0,1.2,1.4,3520.0,37.6,B,0.3403306030107323,0.6596693969892677,False
A08291,SOLVE237,811,821.0,11.0,0.006,138.6,54400.0,1.2,1.6,3340.0,44.8,B,0.3264150268465081,0.673584973153492,False
A08290,SOLVE237,821,831.0,9.8,0.006,134.2,51640.0,1.0,1.6,1020.0,42.0,B,0.29190271503607906,0.7080972849639209,False
A08721,SOLVE237,831,841.0,10.0,<0.005,74.4,51420.0,1.0,1.0,1040.0,35.4,B,0.30904403494297533,0.6909559650570247,False
A08719,SOLVE237,841,851.0,9.2,<0.005,64.0,50900.0,1.0,2.4,780.0,41.8,B,0.2904492610564765,0.7095507389435235,False
A08289,SOLVE237,851,861.0,7.8,0.006,49.0,45400.0,1.2,2.4,230.0,36.8,B,0.30274903144876886,0.6972509685512311,False
A08288,SOLVE237,861,871.0,3.6,0.006,67.4,48600.0,1.0,3.4,100.0,32.4,B,0.3483594236413557,0.6516405763586444,False
A08287,SOLVE237,871,881.0,5.2,0.006,18.0,50140.0,1.0,3.4,740.0,44.4,B,0.33096368782847696,0.669036312171523,False
A07671,SOLVE237,881,891.0,6.4,0.01,3.4,53020.0,1.0,2.6,660.0,43.0,B,0.3154367446336276,0.6845632553663724,False
A08286,SOLVE237,891,901.0,7.8,0.006,44.8,46160.0,1.0,2.6,710.0,37.6,B,0.2980093744271834,0.7019906255728166,False
A07208,SOLVE237,901,911.0,16.0,0.015,76.2,44920.0,1.0,1.8,1820.0,48.2,B,0.2477615644377822,0.7522384355622178,False
A05753,SOLVE237,911,921.0,16.0,0.04,199.4,48440.0,1.0,1.8,1770.0,32.4,B,0.3888946396788771,0.611105360321123,False
A08717,SOLVE237,921,931.0,6.8,<0.005,42.6,44860.0,1.0,2.6,140.0,32.2,B,0.276737071993836,0.723262928006164,False
A08716,SOLVE237,931,941.0,7.4,<0.005,152.8,46740.0,1.0,2.4,880.0,38.2,B,0.2835093824544367,0.7164906175455633,False
A08715,SOLVE237,941,951.0,10.6,<0.005,123.0,42660.0,1.0,4.4,1720.0,42.8,B,0.2721181748567713,0.7278818251432286,False
A08282,SOLVE237,951,961.0,18.6,0.006,221.4,36900.0,1.2,4.2,2300.0,34.2,B,0.2596599116263968,0.7403400883736032,False
A08281,SOLVE237,961,971.0,11.0,0.006,177.4,37580.0,1.0,4.6,1140.0,34.2,B,0.30446208176078543,0.6955379182392145,False
A08711,SOLVE237,971,981.0,11.2,<0.005,194.8,44660.0,1.0,7.2,1500.0,47.4,B,0.2675636770453146,0.7324363229546854,False
A08710,SOLVE237,981,991.0,9.0,<0.005,134.0,41760.0,1.0,3.6,1800.0,42.6,B,0.29063285866929645,0.7093671413307036,False
A08712,SOLVE237,991,1001.0,17.6,<0.005,314.4,44000.0,1.2,6.0,3060.0,44.8,B,0.3166561035924194,0.6833438964075806,False
A08713,SOLVE237,1001,1011.0,26.2,<0.005,211.6,51980.0,1.0,9.2,5800.0,50.6,B,0.23369381056546135,0.7663061894345387,False
A08714,SOLVE237,1011,1021.0,9.0,<0.005,203.2,33880.0,1.0,4.6,1520.0,35.6,B,0.3156621592707757,0.6843378407292243,False
A08284,SOLVE237,1021,1031.0,15.4,0.006,1760.2,46440.0,1.2,4.0,2980.0,71.4,A,0.5047091733087054,0.5047091733087054,True
A08285,SOLVE237,1031,1041.0,9.6,0.006,192.2,38800.0,1.0,3.8,1660.0,50.2,B,0.32621333173183753,0.6737866682681625,False
A08076,SOLVE237,1041,1051.0,14.8,0.007,87.6,37620.0,1.0,6.0,1700.0,47.0,B,0.24479448839426354,0.7552055116057365,False
A07924,SOLVE237,1051,1061.0,24.4,0.008,31.4,37900.0,1.4,7.6,1620.0,48.6,B,0.19227654093603266,0.8077234590639674,False
A06897,SOLVE237,1061,1071.0,27.2,0.019,37.2,38840.0,2.2,7.6,2260.0,49.4,B,0.22024298223136438,0.7797570177686356,False
A06765,SOLVE237,1071,1081.0,16.4,0.021,6.6,47580.0,2.0,6.0,2260.0,66.8,B,0.25130175500235624,0.7486982449976438,False
A06842,SOLVE237,1081,1091.0,11.6,0.02,5.2,45440.0,1.4,5.0,2120.0,57.0,B,0.2970512366803162,0.7029487633196838,False
A07798,SOLVE237,1091,1101.0,17.4,0.009,40.2,39100.0,2.2,7.4,2780.0,64.8,B,0.231251240114532,0.768748759885468,False
A07800,SOLVE237,1101,1111.0,11.8,0.009,29.0,45680.0,1.0,4.6,1940.0,55.4,B,0.2607501224400442,0.7392498775599559,False
A07925,SOLVE237,1111,1121.0,43.2,0.008,115.4,51080.0,1.4,8.2,5500.0,52.2,B,0.1844152880806424,0.8155847119193576,False
A06257,SOLVE237,1121,1131.0,24.8,0.03,166.6,62520.0,1.0,5.8,3060.0,59.0,B,0.2614364843179574,0.7385635156820426,False
A07926,SOLVE237,1131,1141.0,9.4,0.008,345.6,45140.0,1.0,10.8,1620.0,50.0,B,0.3881812387892227,0.6118187612107773,False
A08726,SOLVE237,1141,1151.0,15.4,<0.005,166.4,44040.0,1.0,5.4,2460.0,37.0,B,0.2741921261412996,0.7258078738587004,False
A08727,SOLVE237,1151,1161.0,20.8,<0.005,221.4,49480.0,1.0,11.8,3460.0,53.2,B,0.24551467828957937,0.7544853217104206,False
A07673,SOLVE237,1161,1171.0,36.0,0.01,151.4,51960.0,1.0,9.2,3920.0,57.0,B,0.1910043038375613,0.8089956961624387,False
A07927,SOLVE237,1171,1181.0,25.8,0.008,29.8,46380.0,1.8,13.2,2980.0,49.6,B,0.1942611949799726,0.8057388050200274,False
A06386,SOLVE237,1181,1191.0,65.8,0.027,44.4,52620.0,1.4,9.4,12860.0,91.4,B,0.1892765314530261,0.810723468546974,False
A07302,SOLVE237,1191,1201.0,23.2,0.014,82.8,53140.0,1.0,6.0,5540.0,44.2,B,0.22580272422455036,0.7741972757754496,False
A05754,SOLVE237,1201,1211.0,87.6,0.04,110.6,57260.0,1.0,5.6,4820.0,38.2,B,0.22208484391768304,0.777915156082317,False
A07139,SOLVE237,1211,1221.0,14.8,0.016,154.6,52900.0,3.6,7.6,4200.0,47.2,B,0.40258743327113855,0.5974125667288614,True
A07479,SOLVE237,1221,1231.0,7.8,0.012,90.4,54300.0,1.4,4.6,2280.0,46.2,B,0.33310019057048523,0.6668998094295148,False
A07372,SOLVE237,1231,1241.0,6.6,0.013,133.6,52740.0,1.0,3.6,1980.0,356.0,B,0.29697751596686667,0.7030224840331334,False
A06158,SOLVE237,1241,1251.0,32.6,0.032,59.8,58080.0,1.0,6.0,5680.0,64.0,B,0.23595468064872024,0.7640453193512797,False
A06473,SOLVE237,1251,1261.0,70.6,0.026,124.2,55840.0,1.0,9.0,9440.0,78.2,B,0.19081027187722624,0.8091897281227738,False
A08074,SOLVE237,1261,1271.0,27.4,0.007,86.8,57820.0,2.0,4.2,5540.0,53.6,B,0.24700589703366796,0.7529941029663321,False
A07794,SOLVE237,1271,1281.0,23.8,0.009,99.6,62200.0,2.8,3.2,4880.0,47.2,B,0.30759297863155377,0.6924070213684462,False
A06472,SOLVE237,1281,1291.0,28.6,0.026,150.0,59340.0,3.0,7.8,6200.0,163.8,B,0.2994459472419363,0.7005540527580637,False
A07557,SOLVE237,1291,1301.0,21.2,0.011,70.8,55360.0,1.0,3.8,6580.0,56.4,B,0.23428146221487878,0.7657185377851212,False
A07137,SOLVE237,1301,1311.0,51.6,0.016,69.4,49340.0,2.6,3.2,5020.0,47.6,B,0.20660929783730778,0.7933907021626923,False
A07478,SOLVE237,1311,1321.0,42.2,0.012,105.4,53380.0,1.8,,6840.0,88.8,B,0.2373436437409619,0.762656356259038,False
A08279,SOLVE237,1321,1331.0,23.4,0.006,160.2,59240.0,2.4,5.8,8140.0,58.2,B,0.304698636391078,0.695301363608922,False
A08278,SOLVE237,1331,1341.0,16.2,0.006,108.4,40580.0,2.0,6.6,5660.0,37.2,B,0.2667697723604412,0.7332302276395588,False
A06896,SOLVE237,1341,1351.0,12.2,0.019,105.8,49740.0,1.0,5.4,6140.0,44.4,B,0.30904583921297996,0.69095416078702,False
A06594,SOLVE237,1351,1361.0,13.6,0.024,105.2,43740.0,1.2,6.0,6060.0,41.0,B,0.3132798611992951,0.6867201388007049,False
A07299,SOLVE237,1361,1371.0,11.0,0.014,106.4,46720.0,1.0,5.4,4280.0,41.6,B,0.32373538882019665,0.6762646111798034,False
A07918,SOLVE237,1371,1381.0,11.8,0.008,76.0,42560.0,1.6,5.6,3200.0,42.0,B,0.29424056155265094,0.7057594384473491,False
A07298,SOLVE237,1381,1391.0,11.8,0.014,52.6,41820.0,1.4,9.0,2560.0,38.8,B,0.30325591799737583,0.6967440820026242,False
A07206,SOLVE237,1391,1401.0,9.0,0.015,74.0,43900.0,1.0,6.8,3320.0,36.6,B,0.32570139159904393,0.6742986084009561,False
A07135,SOLVE237,1401,1411.0,13.0,0.016,114.8,53340.0,1.0,6.6,6560.0,37.2,B,0.30865244020026716,0.6913475597997328,False
A05654,SOLVE237,1411,1421.0,17.4,0.042,85.8,51420.0,1.0,4.8,4820.0,41.2,B,0.3121871992857737,0.6878128007142263,False
A08272,SOLVE237,1421,1431.0,18.6,0.006,95.2,52520.0,1.0,8.2,7860.0,42.8,B,0.2395755990099872,0.7604244009900127,False
A07473,SOLVE237,1431,1441.0,15.2,0.012,72.0,,1.0,10.6,5700.0,93.4,B,0.44410492492640485,0.5558950750735951,True
A08064,SOLVE237,1441,1451.0,13.4,0.007,87.0,40940.0,1.0,7.0,5980.0,46.2,B,0.2726937949631692,0.7273062050368309,False
A08063,SOLVE237,1451,1461.0,15.4,0.007,42.4,46280.0,1.2,6.0,3100.0,52.6,B,0.23151058306257388,0.7684894169374261,False
A07550,SOLVE237,1461,1471.0,33.0,0.011,314.6,54160.0,1.6,8.6,8700.0,90.6,B,0.2426197984397498,0.7573802015602502,False
A08269,SOLVE237,1471,1481.0,26.0,0.006,65.4,43480.0,1.0,7.4,3440.0,57.4,B,0.1864369883968669,0.8135630116031332,False
A08062,SOLVE237,1481,1491.0,27.2,0.007,62.0,37540.0,1.0,6.0,3220.0,36.4,B,0.19007910339886733,0.8099208966011326,False
A00144,SOLVE237,1491,1501.0,35.0,1.407,78.0,38980.0,1.0,10.4,3220.0,43.6,B,0.4965238852443318,0.5034761147556682,True
A08061,SOLVE237,1501,1511.0,17.4,0.007,51.6,45020.0,1.2,5.6,2120.0,36.4,B,0.2281311271618649,0.7718688728381351,False
A08060,SOLVE237,1511,1521.0,10.8,0.007,30.8,43600.0,1.0,4.4,1480.0,34.0,B,0.2842459514541872,0.7157540485458128,False
A08678,SOLVE237,1521,1531.0,14.6,<0.005,35.6,47640.0,1.0,10.0,1540.0,57.4,B,0.22407635879403717,0.7759236412059628,False
A08265,SOLVE237,1531,1541.0,11.8,0.006,54.0,37380.0,1.0,9.6,2400.0,42.0,B,0.2642306693327905,0.7357693306672095,False
A08263,SOLVE237,1541,1551.0,8.6,0.006,44.8,36980.0,1.0,6.8,1540.0,36.6,B,0.27180961436611367,0.7281903856338863,False
A05443,SOLVE237,1551,1561.0,7.8,0.047,162.0,42140.0,1.6,4.2,1340.0,44.4,B,0.4210508453062779,0.5789491546937221,True
A08058,SOLVE237,1561,1571.0,10.6,0.007,138.2,38580.0,1.0,7.8,3640.0,55.0,B,0.2983030941857765,0.7016969058142235,False
A08676,SOLVE237,1571,1581.0,9.6,<0.005,75.4,38320.0,1.0,7.0,3420.0,49.4,B,0.2826568092360164,0.7173431907639836,False
A08677,SOLVE237,1581,1591.0,6.4,<0.005,62.0,33780.0,1.0,5.6,2780.0,35.2,B,0.2675656109671678,0.7324343890328322,False
A08059,SOLVE237,1591,1601.0,9.8,0.007,103.6,38200.0,1.0,7.0,3000.0,43.2,B,0.2887838821125871,0.7112161178874129,False
A08680,SOLVE237,1601,1611.0,5.2,<0.005,23.8,31720.0,1.0,4.8,1180.0,26.8,B,0.3023426682824311,0.6976573317175689,False
A08681,SOLVE237,1611,1621.0,4.2,<0.005,30.2,30660.0,1.0,3.2,840.0,19.8,B,0.33050155205241927,0.6694984479475807,False
A08682,SOLVE237,1621,1631.0,3.6,<0.005,38.6,34100.0,1.0,3.2,1440.0,20.2,B,0.3390669151407457,0.6609330848592543,False
A08684,SOLVE237,1631,1641.0,6.2,<0.005,69.6,34520.0,2.2,3.6,2260.0,24.2,B,0.33081538997313176,0.6691846100268682,False
A08118,SOLVE278,931,941.0,,0.006,748.0,51340.0,7.2,1.8,1800.0,19.0,A,0.650199466032163,0.650199466032163,False
A07829,SOLVE278,941,951.0,,0.008,1239.0,52180.0,17.4,2.2,2760.0,21.4,A,0.756518880878877,0.756518880878877,False
A07397,SOLVE278,951,961.0,,0.012,810.0,48280.0,10.4,1.0,680.0,21.2,A,0.679543694341663,0.679543694341663,False
A00793,SOLVE278,961,971.0,,0.651,18778.6,60680.0,121.6,3.6,13460.0,27.6,A,0.7643452352035194,0.7643452352035194,False
A06052,SOLVE278,971,981.0,,0.033,1795.8,47500.0,29.0,1.8,1700.0,24.2,A,0.8342638787620674,0.8342638787620674,False
A03654,SOLVE278,981,991.0,,0.128,7200.0,51420.0,89.0,3.2,7460.0,32.6,A,0.8417679864476859,0.8417679864476859,False
A06359,SOLVE278,991,1001.0,,0.027,1336.8,41460.0,61.0,2.4,1420.0,36.2,A,0.8290972615973434,0.8290972615973434,False
A05536,SOLVE278,1001,1011.0,5.8,0.044,121.6,55840.0,8.4,1.4,150.0,20.4,A,0.6252860090812692,0.6252860090812692,False
A01954,SOLVE278,1011,1021.0,4.2,0.326,4588.0,54320.0,77.8,1.6,4620.0,31.8,A,0.8609478514087016,0.8609478514087016,False
A04496,SOLVE278,1021,1031.0,6.0,0.08,1320.8,48900.0,97.6,1.8,1160.0,20.0,A,0.907217154740059,0.907217154740059,False
A06727,SOLVE278,1031,1041.0,5.8,0.021,439.8,61840.0,45.4,1.4,540.0,18.2,A,0.8194845208696312,0.8194845208696312,False
A06195,SOLVE278,1041,1051.0,5.4,0.03,728.2,56360.0,25.4,1.2,700.0,21.0,A,0.8470194788321519,0.8470194788321519,False
A04364,SOLVE278,1051,1061.0,5.6,0.086,1348.4,51940.0,25.0,1.0,1400.0,17.2,A,0.8906684676747513,0.8906684676747513,False
A04580,SOLVE278,1061,1071.0,4.6,0.076,1107.8,54560.0,14.4,1.2,1100.0,20.2,A,0.8804995962587152,0.8804995962587152,False
A02341,SOLVE278,1071,1081.0,3.4,0.27,5233.0,58400.0,143.4,1.2,5040.0,23.6,A,0.8627582348583478,0.8627582348583478,False
A04718,SOLVE278,1081,1091.0,4.2,0.07,947.4,64760.0,42.0,1.0,920.0,22.8,A,0.8891465254442951,0.8891465254442951,False
A04015,SOLVE278,1411,1421.0,3.0,0.104,503.2,48340.0,2.2,1.4,880.0,23.6,A,0.7190518954751602,0.7190518954751602,False
A04234,SOLVE278,1421,1431.0,4.2,,364.8,37520.0,2.2,2.0,1360.0,28.8,A,0.6708223560158636,0.6708223560158636,False
A03473,SOLVE278,1431,1441.0,5.8,0.142,526.6,35180.0,3.0,2.2,660.0,24.0,A,0.7300041040372103,0.7300041040372103,False
A03580,SOLVE278,1441,1451.0,5.2,0.134,638.6,42860.0,2.6,2.2,780.0,27.4,A,0.7614554345510586,0.7614554345510586,False
A04317,SOLVE278,1451,1461.0,12.0,0.088,282.2,46280.0,4.2,10.8,4700.0,42.6,A,0.5824426401635923,0.5824426401635923,True
A03782,SOLVE278,1461,1471.0,12.6,0.118,536.8,49860.0,5.0,2.8,8020.0,32.6,A,0.7037251622479682,0.7037251622479682,False
A04018,SOLVE278,1471,1481.0,10.6,0.104,348.6,50220.0,2.4,3.6,12220.0,32.0,A,0.6044917659947785,0.6044917659947785,False
A03905,SOLVE278,1481,1491.0,30.0,0.11,766.0,50640.0,7.4,6.4,23340.0,56.4,A,0.5638583133930453,0.5638583133930453,True
A08790,SOLVE279A,221,231.0,13.33333333,<0.005,240.3333333,70733.33333,1.0,5.0,166.6666667,188.3333333,B,0.2839664351761218,0.7160335648238783,False
A07813,SOLVE279A,231,241.0,19.4,0.009,125.2,54120.0,1.0,33.0,120.0,303.0,B,0.2083844032673355,0.7916155967326645,False
A05294,SOLVE279A,241,251.0,93.2,0.051,168.6,50080.0,3.2,69.8,7460.0,1144.2,B,0.31052413454308564,0.6894758654569144,False
A05109,SOLVE279A,251,261.0,84.0,0.057,193.0,56100.0,2.4,74.2,7640.0,1237.6,B,0.33162114285499,0.66837885714501,False
A08788,SOLVE279A,261,271.0,14.4,<0.005,123.4,50560.0,1.0,3.2,1260.0,82.6,B,0.20823257437328374,0.7917674256267162,False
A08097,SOLVE279A,271,281.0,18.0,0.007,158.6,48280.0,1.2,3.4,2440.0,59.6,B,0.22547145470725094,0.7745285452927491,False
A08096,SOLVE279A,281,291.0,39.4,0.007,111.0,48720.0,1.0,2.4,4820.0,60.8,B,0.16668111248460254,0.8333188875153974,False
A08785,SOLVE279A,291,301.0,27.2,<0.005,101.2,42780.0,1.0,1.6,3500.0,47.6,B,0.1888179683974409,0.8111820316025591,False
A08784,SOLVE279A,301,311.0,36.6,<0.005,149.8,63120.0,1.0,2.2,3780.0,68.8,B,0.20679278302726356,0.7932072169727364,False
A08783,SOLVE279A,311,321.0,7.8,<0.005,48.6,56840.0,1.0,2.0,620.0,69.6,B,0.23950662806784767,0.7604933719321523,False
A08782,SOLVE279A,321,331.0,37.0,<0.005,81.6,69480.0,1.0,2.2,1660.0,76.8,B,0.2170255353555648,0.7829744646444352,False
A07384,SOLVE279A,331,341.0,73.0,0.013,64.2,66280.0,1.0,5.2,4760.0,64.8,B,0.176637062292855,0.823362937707145,False
A08344,SOLVE279A,341,351.0,13.8,0.006,45.4,62000.0,1.0,3.2,1140.0,73.2,B,0.23689220217524748,0.7631077978247525,False
A06176,SOLVE279A,351,361.0,9.8,0.031,143.6,66360.0,1.0,2.2,1020.0,82.8,B,0.344092970807222,0.655907029192778,False
A07691,SOLVE279A,361,371.0,31.2,0.01,117.0,70580.0,1.0,3.2,3540.0,72.8,B,0.24024007993364294,0.7597599200663571,False
A08780,SOLVE279A,371,381.0,11.0,<0.005,65.4,48660.0,1.0,2.0,1120.0,58.4,B,0.25921729397919135,0.7407827060208086,False
A08779,SOLVE279A,381,391.0,16.2,<0.005,65.4,43280.0,1.0,2.0,1740.0,53.8,B,0.2234300967688341,0.7765699032311659,False
A07490,SOLVE279A,391,401.0,22.4,0.012,229.8,,1.0,2.6,2240.0,61.6,B,0.4434393804323908,0.5565606195676092,True
A08777,SOLVE279A,401,411.0,11.8,<0.005,17.0,39420.0,1.0,1.6,420.0,43.2,B,0.2557104287422292,0.7442895712577708,False
A08775,SOLVE279A,411,421.0,19.0,<0.005,50.0,46860.0,1.0,1.2,1460.0,49.4,B,0.19724258707511472,0.8027574129248853,False
A08339,SOLVE279A,421,431.0,14.8,0.006,368.4,50740.0,1.0,1.6,2120.0,56.6,B,0.3770493141980891,0.6229506858019109,False
A08774,SOLVE279A,431,441.0,16.8,<0.005,29.0,56280.0,1.0,1.4,1700.0,61.0,B,0.2328565860198388,0.7671434139801612,False
A08338,SOLVE279A,441,451.0,24.0,0.006,151.6,42880.0,1.0,3.2,1620.0,50.2,B,0.19527624376637265,0.8047237562336274,False
A08337,SOLVE279A,451,461.0,29.2,0.006,177.0,44220.0,1.0,6.8,2080.0,66.4,B,0.18049787310795296,0.819502126892047,False
A08336,SOLVE279A,461,471.0,30.6,0.006,191.8,43520.0,1.2,3.0,1340.0,52.4,B,0.20555657352454434,0.7944434264754556,False
A08772,SOLVE279A,471,481.0,8.8,<0.005,123.0,33940.0,1.6,2.4,800.0,42.6,B,0.3088884165197452,0.6911115834802548,False
A08331,SOLVE279A,481,491.0,20.2,0.006,336.0,39940.0,1.6,7.4,4760.0,52.2,B,0.30873603277175765,0.6912639672282423,False
A08768,SOLVE279A,491,501.0,14.8,<0.005,292.8,39220.0,1.4,5.6,3120.0,56.4,B,0.3066388697309392,0.6933611302690608,False
A08767,SOLVE279A,501,511.0,8.8,<0.005,132.0,34820.0,,2.8,1260.0,38.6,B,0.4141478385290525,0.5858521614709475,True
A08765,SOLVE279A,511,521.0,26.2,<0.005,587.4,47120.0,1.2,3.8,6580.0,51.0,B,0.33395098466824147,0.6660490153317585,False
A08764,SOLVE279A,521,531.0,27.4,<0.005,604.6,56640.0,1.2,3.6,5880.0,54.8,B,0.3550883150534281,0.6449116849465719,False
A08322,SOLVE279A,531,541.0,36.8,0.006,233.0,57860.0,1.8,3.8,10220.0,53.0,B,0.2449943717177026,0.7550056282822974,False
A08318,SOLVE279A,541,551.0,42.2,0.006,279.2,76100.0,2.0,3.6,20380.0,55.8,B,0.38125284674149457,0.6187471532585054,False
A08314,SOLVE279A,551,561.0,23.6,0.006,172.8,55400.0,1.0,3.4,3400.0,46.6,B,0.24052114460491303,0.759478855395087,False
A08312,SOLVE279A,561,571.0,8.6,0.006,180.0,48160.0,1.0,3.0,1560.0,41.4,B,0.3304702701560987,0.6695297298439014,False
A07487,SOLVE279A,571,581.0,22.6,0.012,212.6,50840.0,1.2,3.4,4720.0,47.0,B,0.25693718469236493,0.7430628153076351,False
A08306,SOLVE279A,581,591.0,12.6,0.006,118.8,46680.0,1.0,2.0,4460.0,40.0,B,0.2812007990900147,0.7187992009099853,False
A06900,SOLVE279A,591,601.0,29.0,0.019,251.6,51220.0,1.2,3.2,9920.0,41.4,B,0.2520791636700453,0.7479208363299548,False
A06636,SOLVE279A,601,611.0,6.6,0.023,54.4,46400.0,1.0,2.4,180.0,34.8,B,0.3432954528759824,0.6567045471240176,False
A07484,SOLVE279A,611,621.0,13.2,0.012,207.4,41540.0,1.6,2.0,4740.0,,A,0.5856792969733529,0.5856792969733529,True
A07561,SOLVE279A,621,631.0,8.6,0.011,109.6,44220.0,1.4,2.0,2480.0,32.0,B,0.3580044620259328,0.6419955379740672,False
A07930,SOLVE279A,631,641.0,7.2,0.008,161.2,42800.0,1.0,1.4,1500.0,33.6,B,0.32540538424657217,0.6745946157534278,False
A07374,SOLVE279A,641,651.0,6.6,0.013,114.2,42660.0,1.8,2.6,1180.0,35.2,B,0.379424479874095,0.620575520125905,False
A06899,SOLVE279A,651,661.0,8.0,0.019,115.2,44360.0,1.0,1.6,1540.0,36.8,B,0.33948140924401904,0.660518590755981,False
A06635,SOLVE279A,661,671.0,8.2,0.023,17.0,60460.0,1.0,3.0,2620.0,53.2,B,0.3248006446335913,0.6751993553664086,False
A08075,SOLVE279A,671,681.0,8.8,0.007,62.4,51760.0,1.0,2.8,2960.0,43.6,B,0.31054579056810294,0.6894542094318971,False
A06841,SOLVE279A,681,691.0,15.6,0.02,219.4,55180.0,1.0,2.8,3060.0,43.2,B,0.32149445507774005,0.6785055449222599,False
A06979,SOLVE279A,691,701.0,22.6,0.018,255.0,56640.0,1.0,2.8,3600.0,43.4,B,0.29394439185960547,0.7060556081403946,False
A06470,SOLVE279A,701,711.0,28.2,0.026,62.0,62820.0,1.0,3.6,4640.0,51.8,B,0.24580082306711312,0.7541991769328869,False
A08275,SOLVE279A,711,721.0,11.0,0.006,96.6,55920.0,1.0,1.6,1390.0,41.8,B,0.2720936420007409,0.7279063579992591,False
A06895,SOLVE279A,721,731.0,8.0,0.019,109.8,54840.0,1.0,1.8,1160.0,37.6,B,0.342964732885146,0.657035267114854,False
A05107,SOLVE279A,731,741.0,8.0,0.057,74.0,45780.0,1.0,1.4,1480.0,30.8,B,0.414449721357126,0.585550278642874,True
A07133,SOLVE279A,741,751.0,9.2,0.016,51.6,47960.0,1.0,1.2,1000.0,30.0,B,0.3431570929086656,0.6568429070913344,False
A07297,SOLVE279A,751,761.0,21.6,0.014,87.6,46160.0,1.0,2.2,1820.0,32.4,B,0.22633639444618414,0.7736636055538159,False
A08266,SOLVE279A,761,771.0,10.6,0.006,85.8,46760.0,1.0,1.4,1860.0,36.2,B,0.28763143922893025,0.7123685607710697,False
A06839,SOLVE279A,771,781.0,26.2,0.02,112.0,51500.0,1.0,2.0,2960.0,41.4,B,0.20855522031282023,0.7914447796871797,False
A07785,SOLVE279A,781,791.0,9.8,0.009,129.6,43900.0,1.0,2.0,2940.0,36.2,B,0.3217310955182674,0.6782689044817326,False
A07784,SOLVE279A,791,801.0,13.4,0.009,113.6,50540.0,1.0,2.2,3360.0,37.2,B,0.2785638359669482,0.7214361640330518,False
A08053,SOLVE279A,801,811.0,10.0,0.007,121.8,52980.0,1.0,3.8,1380.0,39.0,B,0.2946294113372534,0.7053705886627466,False
A08052,SOLVE279A,811,821.0,14.8,0.007,144.4,61060.0,1.2,2.4,2200.0,43.0,B,0.2868904333927046,0.7131095666072954,False
A07044,SOLVE279A,821,831.0,30.6,0.017,204.2,53580.0,1.2,3.2,6380.0,38.2,B,0.252758843406123,0.747241156593877,False
A06977,SOLVE279A,831,841.0,51.8,0.018,188.2,48920.0,1.0,9.6,4600.0,56.8,B,0.18752594029840783,0.8124740597015921,False
A06628,SOLVE279A,841,851.0,118.6,0.023,236.8,59640.0,1.4,5.6,8040.0,55.2,B,0.1789074829905683,0.8210925170094316,False
A02789,SOLVE279A,851,861.0,360.8,0.21,3085.2,65600.0,5.8,,32320.0,261.4,B,0.27584225997880746,0.7241577400211925,False
A07470,SOLVE279A,861,871.0,36.8,0.012,159.4,,1.0,3.2,6440.0,46.0,B,0.39904383125437204,0.600956168745628,False
A07364,SOLVE279A,871,881.0,40.4,0.013,193.4,50580.0,1.2,5.2,8660.0,42.4,B,0.2020686294973282,0.7979313705026718,False
A07650,SOLVE279A,881,891.0,25.6,0.01,157.4,49520.0,1.0,7.2,10420.0,38.2,B,0.23498192310672072,0.7650180768932793,False
A08622,SOLVE279A,891,901.0,14.6,<0.005,120.0,48020.0,,5.2,7500.0,37.8,B,0.41762880623598697,0.582371193764013,True
A05675,SOLVE279A,901,911.0,21.4,0.041,324.8,43520.0,1.0,2.4,5900.0,29.2,B,0.3562306088304849,0.643769391169515,False
A08615,SOLVE279A,911,921.0,16.8,<0.005,156.2,60020.0,1.2,3.6,10640.0,41.0,B,0.3657256193699832,0.6342743806300168,False
A08612,SOLVE279A,921,931.0,11.2,<0.005,81.6,51740.0,,5.6,4840.0,41.0,B,0.4373040414826758,0.5626959585173241,True
A07120,SOLVE279A,931,941.0,44.2,0.016,358.4,54080.0,2.2,3.2,7040.0,38.4,B,0.30297842037931794,0.697021579620682,False
A08033,SOLVE279A,941,951.0,,0.007,67.7,18510.0,1.0,1.4,450.0,12.8,B,0.34296060127650974,0.6570393987234903,False
A07545,SOLVE279A,951,961.0,10.25,0.011,114.3,43550.0,1.0,1.6,1650.0,28.8,B,0.33753547931449146,0.6624645206855085,False
A07287,SOLVE279A,961,971.0,19.0,0.014,91.0,48920.0,1.2,2.0,3060.0,33.2,B,0.25014280816296547,0.7498571918370345,False
A06344,SOLVE279A,971,981.0,26.0,0.028,202.8,45520.0,1.4,4.4,5260.0,31.0,B,0.2761462708625957,0.7238537291374043,False
A07037,SOLVE279A,981,991.0,9.2,0.017,161.2,54120.0,1.0,2.8,2060.0,36.2,B,0.37519448444191467,0.6248055155580854,False
A06832,SOLVE279A,991,1001.0,5.6,0.02,205.2,56240.0,1.0,2.0,720.0,34.8,B,0.4359950378955334,0.5640049621044666,True
A07644,SOLVE279A,1001,1011.0,6.8,0.01,200.4,57300.0,1.0,1.6,1060.0,33.2,B,0.3929613077477696,0.6070386922522304,False
A08220,SOLVE279A,1011,1021.0,6.4,0.006,156.4,49500.0,1.0,2.4,620.0,30.6,B,0.32584620219283417,0.6741537978071659,False
A08024,SOLVE279A,1021,1031.0,6.6,0.007,136.0,57340.0,1.2,2.2,920.0,37.6,B,0.3194779662617027,0.6805220337382973,False
A07640,SOLVE279A,1031,1041.0,10.6,0.01,142.8,67000.0,1.0,1.8,2340.0,46.2,B,0.3272568778322498,0.6727431221677502,False
A08020,SOLVE279A,1041,1051.0,10.8,0.007,176.6,58160.0,1.6,1.0,2200.0,45.0,B,0.37050590921846593,0.6294940907815341,False
A08213,SOLVE279A,1051,1061.0,11.0,0.006,309.8,44040.0,1.2,2.0,2520.0,31.0,B,0.43153314435700757,0.5684668556429924,True
A08019,SOLVE279A,1061,1071.0,11.2,0.007,281.2,33860.0,1.0,2.6,3160.0,32.0,B,0.3536207574135675,0.6463792425864325,False
A07115,SOLVE279A,1071,1081.0,8.0,0.016,464.2,37840.0,1.0,1.4,1680.0,23.2,A,0.5139509169622689,0.5139509169622689,True
A05957,SOLVE279A,1081,1091.0,7.2,0.035,169.8,43380.0,1.2,1.2,640.0,21.6,B,0.4699478062413977,0.5300521937586022,True
A07457,SOLVE279A,1091,1101.0,8.4,0.012,85.8,42680.0,1.4,1.6,1060.0,21.2,B,0.3645236790091048,0.6354763209908951,False
A07629,SOLVE279A,1101,1111.0,11.8,0.01,219.6,47620.0,1.0,1.2,1460.0,30.2,B,0.3732551781675308,0.6267448218324692,False
A08016,SOLVE279A,1111,1121.0,12.8,0.007,28.0,42940.0,1.0,2.0,3200.0,26.8,B,0.2775749995464663,0.7224250004535337,False
A08012,SOLVE279A,1121,1131.0,14.0,0.007,37.8,43720.0,1.0,1.8,1680.0,26.4,B,0.26933344378607527,0.7306665562139247,False
A08201,SOLVE279A,1131,1141.0,17.8,0.006,24.2,44080.0,1.0,1.6,1860.0,30.2,B,0.22923609323007585,0.7707639067699241,False
A08200,SOLVE279A,1141,1151.0,15.4,0.006,71.8,46820.0,1.0,2.4,2680.0,32.4,B,0.26155264921749644,0.7384473507825036,False
A07887,SOLVE279A,1151,1161.0,20.8,0.008,66.0,56280.0,2.4,2.6,2760.0,38.6,B,0.3100129502932508,0.6899870497067492,False
A05567,SOLVE279A,1161,1171.0,35.6,0.044,406.8,63420.0,2.6,4.4,7220.0,38.0,B,0.3695937515218503,0.6304062484781496,False
A06452,SOLVE279A,1171,1181.0,17.0,0.026,190.0,56480.0,1.0,2.4,2040.0,34.8,B,0.3507774047132731,0.6492225952867269,False
A08549,SOLVE279A,1181,1191.0,6.0,<0.005,71.4,64080.0,,1.4,460.0,38.2,B,0.46340175875283585,0.5365982412471642,True
A07536,SOLVE279A,1191,1201.0,5.8,0.011,10.6,58880.0,1.0,1.4,70.0,27.4,B,0.3554273891404128,0.6445726108595873,False
A08546,SOLVE279A,1201,1211.0,7.8,<0.005,4.6,58160.0,1.8,1.6,200.0,28.8,B,0.34364730862922743,0.6563526913707726,False
A08196,SOLVE279A,1211,1221.0,27.0,0.006,178.0,53160.0,3.0,3.6,6620.0,29.0,B,0.31878298331850086,0.6812170166814991,False
A08541,SOLVE279A,1221,1231.0,7.8,<0.005,139.8,51140.0,1.4,1.0,2140.0,32.2,B,0.3758237892168014,0.6241762107831986,False
A08539,SOLVE279A,1231,1241.0,8.8,<0.005,133.8,50000.0,,1.2,3180.0,30.8,B,0.4758385239546336,0.5241614760453663,True
A07625,SOLVE279A,1241,1251.0,8.2,0.01,32.8,44500.0,2.4,1.6,7540.0,29.2,B,0.3589858655388739,0.6410141344611261,False
A08537,SOLVE279A,1251,1261.0,7.8,<0.005,229.0,42420.0,2.2,1.2,2020.0,25.6,B,0.41776029740598264,0.5822397025940174,True
A08193,SOLVE279A,1261,1271.0,7.2,0.006,358.0,44460.0,4.4,1.6,1160.0,22.0,A,0.55769935691977,0.55769935691977,True
A07274,SOLVE279A,1271,1281.0,8.4,0.014,370.6,45240.0,5.6,2.0,3380.0,22.0,A,0.658708384750211,0.658708384750211,False
A06240,SOLVE279A,1281,1291.0,6.4,0.03,634.4,48820.0,4.6,1.4,1260.0,17.2,A,0.752010184023933,0.752010184023933,False
A04984,SOLVE279A,1291,1301.0,5.4,0.061,968.2,47940.0,33.2,1.2,1170.0,20.4,A,0.8826148104824566,0.8826148104824566,False
A05423,SOLVE279A,1301,1311.0,5.0,0.048,652.8,55080.0,32.0,1.4,1080.0,18.2,A,0.8598135473432194,0.8598135473432194,False
A06238,SOLVE279A,1311,1321.0,5.0,0.03,506.8,59220.0,19.4,2.2,1260.0,23.8,A,0.7905304311044327,0.7905304311044327,False
A06033,SOLVE279A,1321,1331.0,3.6,0.034,341.0,50200.0,4.8,1.2,300.0,21.8,A,0.7194216591080431,0.7194216591080431,False
A05489,SOLVE279A,1331,1341.0,3.4,0.046,637.6,55560.0,6.0,1.0,790.0,25.8,A,0.7889430324152995,0.7889430324152995,False
A06136,SOLVE279A,1341,1351.0,4.2,0.032,239.8,64140.0,5.2,6.8,960.0,40.2,A,0.5625579259244324,0.5625579259244324,True
A06169,SOLVE279A,1351,1361.0,7.4,0.031,597.8,59920.0,11.4,1.6,2220.0,32.2,A,0.7846806807943904,0.7846806807943904,False
A05486,SOLVE279A,1361,1371.0,3.0,0.046,617.8,57980.0,6.2,1.2,1040.0,25.6,A,0.7853809199795486,0.7853809199795486,False
A04969,SOLVE279A,1371,1381.0,3.6,0.062,1198.6,52300.0,16.2,1.0,1560.0,27.0,A,0.8760026278100317,0.8760026278100317,False
A04213,SOLVE279A,1381,1391.0,4.4,0.094,1952.6,51620.0,15.6,1.0,2380.0,22.4,A,0.8855258185097461,0.8855258185097461,False
A04456,SOLVE279A,1391,1401.0,3.8,0.082,1783.8,48940.0,24.4,1.0,2320.0,24.0,A,0.8983185477835688,0.8983185477835688,False
A07982,SOLVE279A,1401,1411.0,4.2,0.007,181.2,53540.0,11.4,1.0,270.0,26.8,A,0.5923686765440836,0.5923686765440836,True
A05352,SOLVE279A,1411,1421.0,4.6,0.05,695.0,53460.0,19.8,2.2,1920.0,30.2,A,0.8495772382231863,0.8495772382231863,False
A06810,SOLVE279A,1421,1431.0,5.8,0.02,635.8,56500.0,28.8,4.8,3360.0,33.2,A,0.8144452753032718,0.8144452753032718,False
A05733,SOLVE279A,1431,1441.0,12.4,0.04,1162.6,53700.0,42.0,3.8,7780.0,42.8,A,0.8508494074290744,0.8508494074290744,False
A03222,SOLVE279A,1441,1451.0,12.0,0.164,3033.8,55580.0,87.6,3.6,7900.0,39.8,A,0.8868700727358848,0.8868700727358848,False
A03477,SOLVE279A,1451,1461.0,5.2,0.142,1927.4,47780.0,87.4,3.0,2280.0,27.4,A,0.9124017349700154,0.9124017349700154,False
A05481,SOLVE279A,1461,1471.0,14.8,0.046,463.4,54720.0,61.2,3.2,5820.0,39.0,A,0.78675348358629,0.78675348358629,False
A04641,SOLVE279A,1471,1481.0,3.8,0.074,728.4,48900.0,60.2,1.8,1640.0,21.8,A,0.8870060642205116,0.8870060642205116,False
A04289,SOLVE279A,1481,1491.0,4.0,0.09,717.2,50900.0,17.6,2.0,900.0,21.8,A,0.8555490891538513,0.8555490891538513,False
A02607,SOLVE279A,1491,1501.0,6.2,0.234,2458.0,45500.0,34.8,2.6,4640.0,28.2,A,0.8977851582510826,0.8977851582510826,False
A03042,SOLVE279A,1501,1511.0,2.8,0.182,1966.0,44480.0,31.0,2.8,4700.0,30.4,A,0.8966171213767192,0.8966171213767192,False
A05552,SOLVE279A,1511,1521.0,2.0,0.044,725.2,54480.0,12.8,1.4,1580.0,34.4,A,0.8374099000060888,0.8374099000060888,False
A03946,SOLVE279A,1521,1531.0,3.8,0.108,957.4,57660.0,35.2,1.8,1300.0,25.0,A,0.8990732370132645,0.8990732370132645,False
A06013,SOLVE279A,1531,1541.0,2.8,0.034,635.2,56780.0,29.4,1.2,620.0,24.0,A,0.8492062887975453,0.8492062887975453,False
A03158,SOLVE279A,1541,1551.0,3.4,0.17,1584.6,48480.0,73.4,1.4,2680.0,20.8,A,0.9136189407238299,0.9136189407238299,False
A04509,SOLVE279A,1551,1561.0,2.6,0.08,809.2,40500.0,29.8,1.6,900.0,20.4,A,0.8758377392830919,0.8758377392830919,False
A04029,SOLVE279A,1561,1571.0,2.8,0.104,1023.8,51020.0,12.2,1.4,820.0,20.2,A,0.8689924109354199,0.8689924109354199,False
A02417,SOLVE279A,1571,1581.0,3.6,0.258,2437.8,43780.0,18.2,2.8,1780.0,27.6,A,0.8950944033818399,0.8950944033818399,False
A03513,SOLVE279A,1581,1591.0,3.0,0.14,1007.2,41980.0,12.0,2.4,1020.0,25.2,A,0.8573995061337991,0.8573995061337991,False
A04331,SOLVE279A,1591,1601.0,4.0,0.088,743.4,42600.0,,,800.0,29.0,A,0.7050052869963823,0.7050052869963823,False
A03878,SOLVE279A,1601,1611.0,3.0,0.112,1159.8,46860.0,9.2,1.8,1160.0,33.6,A,0.8554704396244932,0.8554704396244932,False
A03986,SOLVE279A,1611,1621.0,3.6,0.106,1162.6,38540.0,9.0,2.6,1540.0,31.6,A,0.8397588978418382,0.8397588978418382,False
A02145,SOLVE279A,1621,1631.0,2.4,0.296,3432.2,41820.0,51.0,4.0,3760.0,46.8,A,0.8769342514283159,0.8769342514283159,False
A03293,SOLVE279A,1631,1641.0,2.6,0.158,1013.4,37040.0,10.4,12.4,5260.0,267.2,A,0.7869651895872686,0.7869651895872686,False
A04452,SOLVE279A,1641,1651.0,5.2,0.082,737.6,38880.0,6.4,2.6,6280.0,50.2,A,0.7589264785858963,0.7589264785858963,False
A04107,SOLVE279A,1651,1661.0,3.6,0.1,1051.4,33700.0,24.0,6.2,6920.0,47.4,A,0.8197822627918205,0.8197822627918205,False
A03123,SOLVE279A,1661,1671.0,2.6,0.174,,36880.0,9.8,4.2,7600.0,56.4,A,0.584217295415237,0.584217295415237,True
A00843,SOLVE279A,1671,1681.0,5.2,0.628,2796.2,41940.0,22.0,4.4,15820.0,56.0,A,0.8019724701332159,0.8019724701332159,False
A04328,SOLVE279A,1681,1691.0,2.2,0.088,905.6,32760.0,7.8,3.2,3800.0,36.8,A,0.787273475593461,0.787273475593461,False
A05083,SOLVE279A,1691,1701.0,4.8,0.058,805.2,43020.0,12.8,4.4,4560.0,28.4,A,0.8080921227884857,0.8080921227884857,False
A05336,SOLVE279A,1701,1711.0,3.8,0.05,636.8,41360.0,11.4,4.8,5520.0,31.4,A,0.7691614995900505,0.7691614995900505,False
A03942,SOLVE279A,1711,1721.0,3.2,0.108,843.6,46460.0,11.8,3.4,1700.0,33.2,A,0.83347165854433,0.83347165854433,False
A04887,SOLVE279A,1721,1731.0,2.6,0.064,756.2,42580.0,8.8,5.2,1420.0,34.4,A,0.8011426225622207,0.8011426225622207,False
A04630,SOLVE279A,1731,1741.0,2.6,0.074,598.8,43680.0,10.4,4.6,1100.0,31.0,A,0.7926070523412351,0.7926070523412351,False
A05619,SOLVE279A,1741,1751.0,1.4,0.042,363.8,41000.0,6.8,2.4,440.0,26.4,A,0.7161337555877394,0.7161337555877394,False
A03837,SOLVE279A,1751,1761.0,2.2,0.114,904.6,41660.0,9.8,2.6,2020.0,27.0,A,0.8223556924795901,0.8223556924795901,False
A04277,SOLVE279A,1761,1771.0,2.2,0.09,932.6,33960.0,17.2,79.4,3880.0,35.4,A,0.7989616590086293,0.7989616590086293,False
A06600,SOLVE279A,1771,1781.0,1.6,0.023,175.2,28940.0,4.2,3.4,2060.0,33.4,B,0.473258257970996,0.5267417420290039,True
A05849,SOLVE279A,1781,1791.0,1.6,0.037,378.4,31040.0,3.6,10.2,860.0,28.4,A,0.6089806297212387,0.6089806297212387,False
A03652,SOLVE279A,1791,1801.0,2.0,0.128,1275.6,32920.0,12.2,7.4,4540.0,31.2,A,0.8182066994835042,0.8182066994835042,False
A04400,SOLVE279A,1801,1811.0,1.6,0.084,938.0,22900.0,11.6,6.8,3820.0,24.2,A,0.7798107652997066,0.7798107652997066,False
A04195,SOLVE279A,1811,1821.0,2.8,0.094,976.8,32660.0,10.6,4.8,4420.0,27.0,A,0.7841403383404749,0.7841403383404749,False
A04669,SOLVE279A,2141,2151.0,4.0,0.072,887.2,45980.0,5.6,3.0,6960.0,39.4,A,0.7741312030776517,0.7741312030776517,False
A04670,SOLVE279A,2151,2161.0,2.0,0.072,735.0,45940.0,7.0,3.6,3500.0,45.6,A,0.8066158178823877,0.8066158178823877,False
A04295,SOLVE279A,2161,2170.4,2.85106383,0.089361702,848.2978723,41138.29787,8.085106383,3.361702128,5712.765957,38.9787234,A,0.7964886723471521,0.7964886723471521,False
A05259,SOLVE280,1251,1261.0,7.0,0.052,615.2,51060.0,7.4,2.4,14900.0,24.6,A,0.7824913788101592,0.7824913788101592,False
A06361,SOLVE280,1261,1271.0,13.6,0.027,606.8,53300.0,7.0,4.2,22660.0,39.0,A,0.734351296326277,0.734351296326277,False
A05337,SOLVE280,1271,1281.0,14.6,0.05,1059.0,59800.0,11.6,3.2,25640.0,30.8,A,0.8147872435487439,0.8147872435487439,False
A04594,SOLVE280,1281,1291.0,5.8,0.076,1358.6,51120.0,25.4,3.2,16840.0,26.4,A,0.8555927477205865,0.8555927477205865,False
A04774,SOLVE280,1291,1301.0,5.8,0.068,1040.8,49220.0,31.6,3.0,17020.0,24.6,A,0.855783549241759,0.855783549241759,False
A05805,SOLVE280,1301,1311.0,6.2,0.038,720.8,56220.0,14.4,2.6,15620.0,21.0,A,0.8301038508294888,0.8301038508294888,False
A04726,SOLVE280,1311,1321.0,6.0,0.07,1105.6,55100.0,16.4,4.0,12700.0,23.4,A,0.8454770366024812,0.8454770366024812,False
A05256,SOLVE280,1321,1331.0,5.4,0.052,982.4,68440.0,16.0,2.4,22320.0,31.2,A,0.8328619212575252,0.8328619212575252,False
A06205,SOLVE280,1331,1341.0,4.6,0.03,559.2,53640.0,17.6,2.6,8120.0,27.0,A,0.8003962479258836,0.8003962479258836,False
A07581,SOLVE280,1341,1351.0,5.2,0.01,298.2,66840.0,14.4,2.2,7660.0,23.2,A,0.6861741273194542,0.6861741273194542,False
A07821,SOLVE280,1351,1361.0,5.6,0.008,300.0,61200.0,11.2,2.4,8880.0,23.6,A,0.6645422064090335,0.6645422064090335,False
A03836,SOLVE280,1361,1371.0,4.8,0.114,679.6,48900.0,20.2,2.6,13020.0,24.4,A,0.8165147234602296,0.8165147234602296,False
A06202,SOLVE280,1371,1381.0,3.8,0.03,582.4,53720.0,13.8,2.8,10080.0,27.6,A,0.796874481519214,0.796874481519214,False
A05126,SOLVE280,1381,1391.0,4.0,0.056,687.0,55540.0,20.8,2.8,7080.0,28.2,A,0.836022808581117,0.836022808581117,False
A05069,SOLVE280,1391,1401.0,4.0,0.058,402.2,58040.0,14.4,1.8,3480.0,27.2,A,0.7687749511978894,0.7687749511978894,False
A03612,SOLVE280,1401,1411.0,4.0,0.132,632.2,53700.0,28.8,2.0,3800.0,22.6,A,0.8533372365952543,0.8533372365952543,False
A03675,SOLVE280,1411,1421.0,4.6,0.126,1567.8,58040.0,32.8,3.6,5880.0,32.0,A,0.9018403455439934,0.9018403455439934,False
A03061,SOLVE280,1421,1431.0,6.6,0.18,2392.2,56160.0,83.2,4.2,10780.0,36.6,A,0.9049278475519132,0.9049278475519132,False
A07912,SOLVE291,371,381.0,,0.008,2.5,76140.0,1.8,3.0,78240.0,41.6,A,0.6563117372685848,0.6563117372685848,False
A08656,SOLVE291,381,391.0,,<0.005,2.5,67220.0,1.0,52.2,74560.0,26.8,A,0.6817595233564642,0.6817595233564642,False
A07472,SOLVE291,391,401.0,,0.012,2.5,,-999.0,43.0,82160.0,57.6,A,0.5974189942108096,0.5974189942108096,True
A08650,SOLVE291,401,411.0,,<0.005,133.8,62800.0,1.2,9.4,68580.0,30.2,A,0.7513635020052496,0.7513635020052496,False
A08649,SOLVE291,411,421.0,,<0.005,210.9,63980.0,1.6,5.8,76260.0,25.4,A,0.7430846473392941,0.7430846473392941,False
A05842,SOLVE291,421,431.0,,0.038,9.6,131760.0,4.4,153.6,166040.0,342.0,B,0.4149345869164901,0.5850654130835099,True
A07205,SOLVE291,431,441.0,,0.015,252.8,65600.0,-999.0,4.6,75720.0,39.6,A,0.7264341208126595,0.7264341208126595,False
A06631,SOLVE291,441,451.0,,0.023,195.4,60140.0,-999.0,25.0,55880.0,43.0,A,0.71698944128617,0.71698944128617,False
A05572,SOLVE291,451,461.0,,0.044,41.8,92460.0,2.0,12.8,92620.0,38.4,A,0.5640968559119849,0.5640968559119849,True
A07781,SOLVE291,461,471.0,,0.009,120.4,66740.0,1.2,7.4,57100.0,71.6,A,0.6949750021140102,0.6949750021140102,False
A07204,SOLVE291,471,481.0,,0.015,13.8,67780.0,1.2,3.6,74320.0,31.8,A,0.6885720765909827,0.6885720765909827,False
A07293,SOLVE291,481,491.0,,0.014,9.2,89560.0,1.2,3.0,105740.0,22.2,A,0.558038718943933,0.558038718943933,True
A07129,SOLVE291,491,501.0,,0.016,58.9,79840.0,-999.0,3.0,83800.0,24.2,A,0.6664629908015357,0.6664629908015357,False
A07128,SOLVE291,501,511.0,,0.016,32.0,76860.0,-999.0,3.0,81540.0,22.6,A,0.6732438418724833,0.6732438418724833,False
A07292,SOLVE291,511,521.0,,0.014,10.0,70700.0,-999.0,4.2,66920.0,38.2,A,0.7040174170428116,0.7040174170428116,False
A04413,SOLVE291,521,531.0,,0.084,4.3,66200.0,-999.0,4.6,62300.0,48.6,A,0.6752852214888498,0.6752852214888498,False
A07040,SOLVE291,531,541.0,,0.017,12.4,68780.0,-999.0,3.0,61260.0,43.2,A,0.6935294001056989,0.6935294001056989,False
A06976,SOLVE291,541,551.0,,0.018,12.4,79980.0,1.4,3.0,74080.0,46.4,A,0.6617735635955453,0.6617735635955453,False
A07549,SOLVE291,551,561.0,,0.011,4.5,66960.0,-999.0,3.0,56920.0,52.8,A,0.6670792101510074,0.6670792101510074,False
A03455,SOLVE291,561,571.0,,0.144,9.4,51220.0,-999.0,3.0,42960.0,40.4,A,0.6053476262552906,0.6053476262552906,False
A05500,SOLVE291,571,581.0,,0.046,12.2,81660.0,1.2,4.6,82140.0,45.6,A,0.6204556462108826,0.6204556462108826,False
A05434,SOLVE291,581,591.0,,0.048,11.8,61740.0,-999.0,3.6,55840.0,47.6,A,0.6649554449208764,0.6649554449208764,False
A06349,SOLVE291,591,601.0,,0.028,10.6,57240.0,-999.0,3.0,46280.0,49.0,A,0.6155080956931541,0.6155080956931541,False
A05748,SOLVE291,601,611.0,,0.04,11.7,61440.0,-999.0,5.0,52260.0,97.2,A,0.6360990008252555,0.6360990008252555,False
A07780,SOLVE291,611,621.0,,0.009,5.1,71200.0,-999.0,3.4,58960.0,100.4,A,0.6633547462360604,0.6633547462360604,False
A07655,SOLVE291,621,631.0,,0.01,13.4,72860.0,-999.0,3.4,54980.0,76.4,A,0.6513409033553533,0.6513409033553533,False
A07907,SOLVE291,631,641.0,,0.008,14.8,68620.0,1.2,3.0,48100.0,67.6,A,0.6064812726529009,0.6064812726529009,False
A08046,SOLVE291,641,651.0,,0.007,9.2,66820.0,-999.0,10.8,42740.0,59.8,A,0.5832818972787901,0.5832818972787901,True
A08255,SOLVE291,651,661.0,,0.006,10.0,64900.0,-999.0,15.4,36560.0,69.2,A,0.5215068928233884,0.5215068928233884,True
A07203,SOLVE291,661,671.0,,0.015,11.6,74940.0,-999.0,3.0,43140.0,84.2,A,0.5863606060390392,0.5863606060390392,True
A07041,SOLVE291,671,681.0,,0.017,6.7,76320.0,-999.0,3.0,39220.0,78.4,A,0.5559368241140552,0.5559368241140552,True
A06154,SOLVE291,681,691.0,,0.032,368.0,70520.0,-999.0,3.0,36320.0,66.6,A,0.6588800056238265,0.6588800056238265,False
A05501,SOLVE291,691,701.0,,0.046,37.8,63900.0,1.2,13.0,30260.0,60.0,B,0.4471351430940353,0.5528648569059647,True
A06251,SOLVE291,701,711.0,,0.03,51.2,51140.0,-999.0,6.0,15860.0,43.6,B,0.4712315272258958,0.5287684727741042,True
A06252,SOLVE291,711,721.0,,0.03,110.0,44060.0,-999.0,3.0,7260.0,45.8,B,0.4742372936550917,0.5257627063449083,True
A07294,SOLVE291,721,731.0,,0.014,44.8,49380.0,-999.0,3.0,9080.0,56.6,B,0.42388948913167657,0.5761105108683234,True
A07042,SOLVE291,731,741.0,,0.017,165.8,46020.0,-999.0,3.0,9500.0,45.0,B,0.47376942835076374,0.5262305716492363,True
A07130,SOLVE291,741,751.0,,0.016,74.8,52280.0,-999.0,3.0,13540.0,49.6,B,0.46545241440489044,0.5345475855951096,True
A05749,SOLVE291,751,761.0,,0.04,496.0,67080.0,1.8,3.0,34820.0,55.8,A,0.6621839696477854,0.6621839696477854,False
A05571,SOLVE291,761,771.0,,0.044,511.2,71620.0,-999.0,3.0,24260.0,73.0,A,0.6118377081334999,0.6118377081334999,False
A06174,SOLVE291,771,781.0,,0.031,476.4,61760.0,1.8,11.2,23900.0,57.2,A,0.5867511288096856,0.5867511288096856,True
A05570,SOLVE291,781,791.0,,0.044,416.8,56320.0,-999.0,8.6,30040.0,53.2,A,0.6464853401412283,0.6464853401412283,False
A03679,SOLVE291,791,801.0,,0.126,1712.6,56860.0,2.0,5.0,19260.0,94.0,A,0.6933479203174201,0.6933479203174201,False
A04520,SOLVE291,801,811.0,,0.08,1041.2,66020.0,2.8,3.0,28280.0,89.6,A,0.6223336970977319,0.6223336970977319,False
A03844,SOLVE291,811,821.0,,0.114,2107.4,61220.0,-999.0,6.0,26900.0,140.8,A,0.7051302296318239,0.7051302296318239,False
A04604,SOLVE291,821,831.0,,0.076,1288.4,70080.0,5.0,4.6,46420.0,99.8,A,0.7336635705005438,0.7336635705005438,False
A05102,SOLVE291,831,841.0,105.5,0.058,711.2,95120.0,6.8,12.0,57920.0,76.8,B,0.3828379521547832,0.6171620478452168,False
A05841,SOLVE291,841,851.0,26.8,0.038,311.2,61840.0,7.6,4.4,10880.0,51.2,B,0.4819711617334049,0.5180288382665952,True
A06712,SOLVE291,851,861.0,9.8,0.022,163.4,43220.0,3.6,3.0,680.0,32.6,B,0.4711154231805985,0.5288845768194015,True
A05041,SOLVE291,861,871.0,18.6,0.06,368.2,66880.0,3.4,3.0,3880.0,43.2,A,0.5661594537121702,0.5661594537121702,True
A07369,SOLVE291,871,881.0,9.8,0.013,167.4,47160.0,2.6,3.0,600.0,25.0,B,0.44030871835782626,0.5596912816421737,True
A07131,SOLVE291,881,891.0,20.8,0.016,165.2,62760.0,3.4,3.0,9120.0,37.6,B,0.4092363622545884,0.5907636377454115,True
A07370,SOLVE291,891,901.0,22.4,0.013,147.2,63900.0,2.6,3.0,10200.0,38.4,B,0.37340657812775657,0.6265934218722434,False
A06512,SOLVE291,901,911.0,32.0,0.025,299.6,63120.0,3.0,3.0,10700.0,49.4,B,0.3630928199205246,0.6369071800794754,False
A06589,SOLVE291,911,921.0,30.8,0.024,213.0,63360.0,4.6,3.0,10760.0,52.8,B,0.36630652957872517,0.6336934704212749,False
A06713,SOLVE291,921,931.0,30.4,0.022,155.6,70040.0,3.4,3.0,8730.0,39.8,B,0.3480122793691217,0.6519877206308783,False
A06632,SOLVE291,931,941.0,38.8,0.023,307.8,89720.0,4.6,3.0,19680.0,54.2,B,0.38337052892697365,0.6166294710730263,False
A04460,SOLVE291,941,951.0,41.8,0.082,377.6,74620.0,2.8,3.0,10160.0,54.0,B,0.4051632265770442,0.5948367734229558,True
A06253,SOLVE291,951,961.0,22.2,0.03,101.6,67320.0,3.2,3.0,7380.0,46.2,B,0.3848814399441462,0.6151185600558537,False
A05103,SOLVE291,961,971.0,53.0,0.058,532.0,64100.0,3.8,4.4,14920.0,39.0,B,0.4148298238179361,0.5851701761820639,True
A06590,SOLVE291,971,981.0,16.8,0.024,181.6,53120.0,4.0,3.0,5020.0,35.8,B,0.4477153537753392,0.5522846462246608,True
A04742,SOLVE291,981,991.0,64.2,0.07,315.0,86380.0,11.8,20.8,12060.0,110.0,B,0.39973771481850046,0.6002622851814996,False
A04605,SOLVE291,991,1001.0,54.4,0.076,469.4,69460.0,6.0,3.6,12200.0,43.2,B,0.4142074784410139,0.5857925215589861,True
A06761,SOLVE291,1001,1011.0,12.0,0.021,158.0,64440.0,2.6,3.6,3400.0,33.8,B,0.43907106422431197,0.560928935775688,True
A05750,SOLVE291,1011,1021.0,26.4,0.04,172.2,66260.0,2.6,5.4,4920.0,39.4,B,0.367767492882952,0.632232507117048,False
A05435,SOLVE291,1021,1031.0,12.4,0.048,172.0,55920.0,5.4,3.0,3520.0,30.2,A,0.5658937698841345,0.5658937698841345,True
A06254,SOLVE291,1031,1041.0,12.2,0.03,140.6,42420.0,3.6,3.0,3420.0,25.4,B,0.4706443738444216,0.5293556261555784,True
A05843,SOLVE291,1041,1051.0,14.2,0.038,343.6,55820.0,4.0,4.2,6920.0,42.6,A,0.5822791390610638,0.5822791390610638,True
A05219,SOLVE291,1051,1061.0,10.4,0.054,326.0,55420.0,3.4,3.0,3260.0,36.6,A,0.6398405816158743,0.6398405816158743,False
A06352,SOLVE291,1061,1071.0,10.6,0.028,176.2,48400.0,3.4,3.0,1500.0,32.8,B,0.4877851467884033,0.5122148532115967,True
A06255,SOLVE291,1071,1081.0,9.6,0.03,262.4,54860.0,3.6,3.0,2900.0,35.0,A,0.5694646383288783,0.5694646383288783,True
A06467,SOLVE291,1081,1091.0,26.6,0.026,236.2,60360.0,3.6,3.0,14600.0,50.6,B,0.38412940572058074,0.6158705942794193,False
A06043,SOLVE291,1091,1101.0,19.0,0.034,124.6,64220.0,3.0,3.6,6460.0,55.2,B,0.4044717691528069,0.5955282308471931,True
A00104,SOLVE291,1101,1111.0,32.0,1.618,213.2,79820.0,3.4,3.0,18960.0,49.6,B,0.4996972901159831,0.5003027098840169,True
A02967,SOLVE291,1111,1121.0,48.0,0.19,92.7,83180.0,4.2,10.0,24600.0,96.0,B,0.39873380963233307,0.6012661903676669,False
A03223,SOLVE291,1121,1131.0,20.0,0.164,117.0,74980.0,5.2,3.0,22680.0,48.2,A,0.5675721419904673,0.5675721419904673,True
A06156,SOLVE291,1131,1141.0,7.0,0.032,57.8,51940.0,3.4,3.0,4060.0,35.2,B,0.4829534918668366,0.5170465081331634,True
A05286,SOLVE291,1141,1151.0,8.4,0.052,181.8,51380.0,2.6,3.0,2460.0,40.0,A,0.5056416148939775,0.5056416148939775,True
A03456,SOLVE291,1151,1161.0,9.6,0.144,187.6,52300.0,3.0,3.0,2920.0,40.0,A,0.5874376156636105,0.5874376156636105,True
A04146,SOLVE291,1161,1171.0,25.2,0.098,268.6,74200.0,2.8,3.0,6640.0,26.4,A,0.5055289447712213,0.5055289447712213,True
A04218,SOLVE291,1171,1181.0,9.4,0.094,242.8,48500.0,3.6,3.0,2280.0,20.0,A,0.6063840803773338,0.6063840803773338,False
A06471,SOLVE291,1181,1191.0,12.4,0.026,123.6,46700.0,2.4,3.0,2200.0,22.4,B,0.42049215446922844,0.5795078455307716,True
A05502,SOLVE291,1191,1201.0,4.2,0.046,123.4,43460.0,2.0,3.0,600.0,26.0,B,0.49663119144892753,0.5033688085510725,True
A06514,SOLVE291,1201,1211.0,10.6,0.025,86.4,43760.0,1.8,3.0,2640.0,24.2,B,0.39177678415417455,0.6082232158458254,False
A06384,SOLVE291,1211,1221.0,6.0,0.027,159.2,41400.0,2.6,3.0,1980.0,30.6,B,0.4680165709696914,0.5319834290303086,True
A06385,SOLVE291,1221,1231.0,11.0,0.027,101.2,38840.0,3.2,3.0,2840.0,24.2,B,0.4444212850146333,0.5555787149853667,True
A08283,SOLVE291,1231,1241.0,10.8,0.006,69.2,40800.0,2.4,3.0,3200.0,32.4,B,0.3481894875319349,0.6518105124680651,False
A07558,SOLVE291,1241,1251.0,8.8,0.011,61.2,,3.0,3.0,2920.0,39.2,A,0.5311571369169953,0.5311571369169953,True
A07672,SOLVE291,1251,1261.0,7.8,0.01,77.0,46480.0,1.4,3.0,2400.0,35.2,B,0.345609475635719,0.654390524364281,False
A07373,SOLVE291,1261,1271.0,7.2,0.013,64.0,50900.0,2.6,3.0,2740.0,43.6,B,0.4022682639337438,0.5977317360662562,True
A06474,SOLVE291,1271,1281.0,11.6,0.026,96.8,55680.0,3.8,3.0,4580.0,37.2,B,0.4501033864155208,0.5498966135844792,True
A06258,SOLVE291,1281,1291.0,9.0,0.03,74.8,53460.0,2.4,3.0,3300.0,27.6,B,0.4751031636774588,0.5248968363225412,True
A04915,SOLVE291,1291,1301.0,12.2,0.064,208.2,51500.0,2.6,3.0,4200.0,29.4,A,0.5248359115965947,0.5248359115965947,True
A06596,SOLVE291,1301,1311.0,10.4,0.024,145.4,55040.0,2.6,3.0,6160.0,34.6,B,0.4391970596410924,0.5608029403589077,True
A07560,SOLVE291,1311,1321.0,10.0,0.011,109.6,55460.0,2.6,4.0,5700.0,33.4,B,0.4256175474929598,0.5743824525070402,True
A07802,SOLVE291,1321,1331.0,5.0,0.009,69.2,42520.0,2.4,3.0,3140.0,29.6,B,0.4188984668907902,0.5811015331092098,True
